[2025-10-12 02:14:29,341] [67373] [MainThread] [INFO] (monailabel.interfaces.utils.app:37) - Initializing App from: /Users/hardikgujral/PHD/MonAi Server/monaibundle; studies: /Users/hardikgujral/PHD/MonAi Server/monaibundle/Brats_Data; conf: {'models': 'brats_mri_segmentation'}
[2025-10-12 02:14:30,843] [67373] [MainThread] [INFO] (monailabel.utils.others.class_utils:57) - Subclass for MONAILabelApp Found: <class 'main.MyApp'>
[2025-10-12 02:14:33,315] [67373] [MainThread] [INFO] (monailabel.utils.others.generic:302) - +++ Adding Bundle from Local: brats_mri_segmentation => /Users/hardikgujral/PHD/MonAi Server/monaibundle/model/brats_mri_segmentation
[2025-10-12 02:14:33,315] [67373] [MainThread] [INFO] (monailabel.utils.others.generic:364) - +++ Using Bundle Models: ['brats_mri_segmentation']
[2025-10-12 02:14:33,315] [67373] [MainThread] [INFO] (monailabel.interfaces.app:135) - Init Datastore for: /Users/hardikgujral/PHD/MonAi Server/monaibundle/Brats_Data
[2025-10-12 02:14:33,317] [67373] [MainThread] [INFO] (monailabel.datastore.local:130) - Auto Reload: True; Extensions: ['*.nii.gz', '*.nii', '*.nrrd', '*.jpg', '*.png', '*.tif', '*.svs', '*.xml']
[2025-10-12 02:14:33,319] [67373] [MainThread] [INFO] (monailabel.datastore.local:577) - Invalidate count: 0
[2025-10-12 02:14:33,319] [67373] [MainThread] [INFO] (monailabel.datastore.local:151) - Start observing external modifications on datastore (AUTO RELOAD)
[2025-10-12 02:14:33,376] [67373] [MainThread] [INFO] (monailabel.tasks.infer.bundle:142) - Model: brats_mri_segmentation; Type: segmentation; Label: Tumor core => 0
[2025-10-12 02:14:33,376] [67373] [MainThread] [INFO] (monailabel.tasks.infer.bundle:142) - Model: brats_mri_segmentation; Type: segmentation; Label: Whole tumor => 1
[2025-10-12 02:14:33,376] [67373] [MainThread] [INFO] (monailabel.tasks.infer.bundle:142) - Model: brats_mri_segmentation; Type: segmentation; Label: Enhancing tumor => 2
[2025-10-12 02:14:33,379] [67373] [MainThread] [INFO] (main:77) - +++ Adding Inferer:: brats_mri_segmentation => <monailabel.tasks.infer.bundle.BundleInferTask object at 0x16a78bd00>
[2025-10-12 02:14:33,439] [67373] [MainThread] [INFO] (monailabel.sam2.infer:65) - Image Cache Initialized: /Users/hardikgujral/.cache/monailabel/sam2
[2025-10-12 02:14:33,440] [67373] [MainThread] [INFO] (timeloop:60) - Starting Timeloop..
[2025-10-12 02:14:33,440] [67373] [MainThread] [INFO] (timeloop:42) - Registered job <function ImageCache.monitor.<locals>.run_scheduler at 0x16ae69cf0>
[2025-10-12 02:14:33,440] [67373] [MainThread] [INFO] (timeloop:63) - Timeloop now started. Jobs will run based on the interval set
[2025-10-12 02:14:33,440] [67373] [MainThread] [INFO] (monailabel.utils.others.generic:187) - Downloading resource: /Users/hardikgujral/PHD/MonAi Server/monaibundle/model/sam2_hiera_large.pt from https://huggingface.co/facebook/sam2-hiera-large/resolve/main/sam2_hiera_large.pt
[2025-10-12 02:18:48,236] [67373] [MainThread] [INFO] (monailabel.utils.others.generic:187) - Downloading resource: /Users/hardikgujral/PHD/MonAi Server/monaibundle/model/sam2_hiera_l.yaml from https://huggingface.co/facebook/sam2-hiera-large/resolve/main/sam2_hiera_l.yaml
[2025-10-12 02:18:50,135] [67373] [MainThread] [INFO] (main:100) - +++ Adding Trainer:: brats_mri_segmentation => <monailabel.tasks.train.bundle.BundleTrainTask object at 0x16ade23e0>
[2025-10-12 02:18:50,135] [67373] [MainThread] [INFO] (main:110) - Active Learning Strategies:: ['random', 'first']
[2025-10-12 02:18:50,136] [67373] [MainThread] [INFO] (monailabel.utils.sessions:51) - Session Path: /Users/hardikgujral/.cache/monailabel/sessions
[2025-10-12 02:18:50,136] [67373] [MainThread] [INFO] (monailabel.utils.sessions:52) - Session Expiry (max): 3600
[2025-10-12 02:18:50,136] [67373] [MainThread] [INFO] (monailabel.interfaces.app:469) - App Init - completed
[2025-10-12 02:18:50,140] [67373] [MainThread] [INFO] (timeloop:60) - Starting Timeloop..
[2025-10-12 02:18:50,140] [67373] [MainThread] [INFO] (timeloop:42) - Registered job <function MONAILabelApp.on_init_complete.<locals>.run_scheduler at 0x16ae13c70>
[2025-10-12 02:18:50,140] [67373] [MainThread] [INFO] (timeloop:63) - Timeloop now started. Jobs will run based on the interval set
[2025-10-12 12:48:18,329] [68706] [MainThread] [INFO] (monailabel.interfaces.utils.app:37) - Initializing App from: /Users/hardikgujral/PHD/MonAi Server/monaibundle; studies: /Users/hardikgujral/PHD/MonAi Server/monaibundle/Brats_Data; conf: {'models': 'brats_mri_segmentation'}
[2025-10-12 12:48:18,359] [68706] [MainThread] [INFO] (monailabel.utils.others.class_utils:57) - Subclass for MONAILabelApp Found: <class 'main.MyApp'>
[2025-10-12 12:48:21,409] [68706] [MainThread] [INFO] (monailabel.utils.others.generic:302) - +++ Adding Bundle from Local: brats_mri_segmentation => /Users/hardikgujral/PHD/MonAi Server/monaibundle/model/brats_mri_segmentation
[2025-10-12 12:48:21,409] [68706] [MainThread] [INFO] (monailabel.utils.others.generic:364) - +++ Using Bundle Models: ['brats_mri_segmentation']
[2025-10-12 12:48:21,409] [68706] [MainThread] [INFO] (monailabel.interfaces.app:135) - Init Datastore for: /Users/hardikgujral/PHD/MonAi Server/monaibundle/Brats_Data
[2025-10-12 12:48:21,410] [68706] [MainThread] [INFO] (monailabel.datastore.local:130) - Auto Reload: True; Extensions: ['*.nii.gz', '*.nii', '*.nrrd', '*.jpg', '*.png', '*.tif', '*.svs', '*.xml']
[2025-10-12 12:48:21,415] [68706] [MainThread] [INFO] (monailabel.datastore.local:577) - Invalidate count: 0
[2025-10-12 12:48:21,415] [68706] [MainThread] [INFO] (monailabel.datastore.local:151) - Start observing external modifications on datastore (AUTO RELOAD)
[2025-10-12 12:48:21,479] [68706] [MainThread] [INFO] (monailabel.tasks.infer.bundle:142) - Model: brats_mri_segmentation; Type: segmentation; Label: Tumor core => 0
[2025-10-12 12:48:21,480] [68706] [MainThread] [INFO] (monailabel.tasks.infer.bundle:142) - Model: brats_mri_segmentation; Type: segmentation; Label: Whole tumor => 1
[2025-10-12 12:48:21,480] [68706] [MainThread] [INFO] (monailabel.tasks.infer.bundle:142) - Model: brats_mri_segmentation; Type: segmentation; Label: Enhancing tumor => 2
[2025-10-12 12:48:21,483] [68706] [MainThread] [INFO] (main:77) - +++ Adding Inferer:: brats_mri_segmentation => <monailabel.tasks.infer.bundle.BundleInferTask object at 0x166d5d930>
[2025-10-12 12:48:21,548] [68706] [MainThread] [INFO] (monailabel.sam2.infer:65) - Image Cache Initialized: /Users/hardikgujral/.cache/monailabel/sam2
[2025-10-12 12:48:21,548] [68706] [MainThread] [INFO] (timeloop:60) - Starting Timeloop..
[2025-10-12 12:48:21,548] [68706] [MainThread] [INFO] (timeloop:42) - Registered job <function ImageCache.monitor.<locals>.run_scheduler at 0x16a748dc0>
[2025-10-12 12:48:21,548] [68706] [MainThread] [INFO] (timeloop:63) - Timeloop now started. Jobs will run based on the interval set
[2025-10-12 12:48:21,550] [68706] [MainThread] [INFO] (main:100) - +++ Adding Trainer:: brats_mri_segmentation => <monailabel.tasks.train.bundle.BundleTrainTask object at 0x16a140850>
[2025-10-12 12:48:21,550] [68706] [MainThread] [INFO] (main:110) - Active Learning Strategies:: ['random', 'first']
[2025-10-12 12:48:21,550] [68706] [MainThread] [INFO] (monailabel.utils.sessions:51) - Session Path: /Users/hardikgujral/.cache/monailabel/sessions
[2025-10-12 12:48:21,550] [68706] [MainThread] [INFO] (monailabel.utils.sessions:52) - Session Expiry (max): 3600
[2025-10-12 12:48:21,550] [68706] [MainThread] [INFO] (monailabel.interfaces.app:469) - App Init - completed
[2025-10-12 12:48:21,550] [68706] [MainThread] [INFO] (timeloop:60) - Starting Timeloop..
[2025-10-12 12:48:21,550] [68706] [MainThread] [INFO] (timeloop:42) - Registered job <function MONAILabelApp.on_init_complete.<locals>.run_scheduler at 0x16a6f2d40>
[2025-10-12 12:48:21,550] [68706] [MainThread] [INFO] (timeloop:63) - Timeloop now started. Jobs will run based on the interval set
[2025-10-12 12:53:37,533] [68706] [MainThread] [WARNING] (python_multipart.multipart:1401) - Skipping data after last boundary
[2025-10-12 12:53:37,534] [68706] [MainThread] [INFO] (monailabel.endpoints.session:69) - Uncompress: False; Expiry: 0
[2025-10-12 12:53:37,534] [68706] [MainThread] [INFO] (monailabel.endpoints.session:70) - Request Files: [UploadFile(filename='tmpop444hc5.nii.gz', size=1874735, headers=Headers({'content-disposition': 'form-data; name="files"; filename="tmpop444hc5.nii.gz"'}))]
[2025-10-12 12:53:37,536] [68706] [MainThread] [INFO] (monailabel.endpoints.session:84) - 1 => UploadFile(filename='tmpop444hc5.nii.gz', size=1874735, headers=Headers({'content-disposition': 'form-data; name="files"; filename="tmpop444hc5.nii.gz"'})) => /var/folders/6_/ry2qtq017bz7tbrhd87grxfh0000gn/T/tmp1r3bwj3g/tmpop444hc5.nii.gz
[2025-10-12 12:53:37,537] [68706] [MainThread] [INFO] (monailabel.utils.sessions:154) - ++ Time consumed to add session 5e97d644-a73c-11f0-863a-623b4422def7: 0.0003762245178222656
[2025-10-12 12:53:37,537] [68706] [MainThread] [INFO] (monailabel.endpoints.session:96) - Session ID: 5e97d644-a73c-11f0-863a-623b4422def7; Info: {"name": "5e97d644-a73c-11f0-863a-623b4422def7", "path": "/Users/hardikgujral/.cache/monailabel/sessions/5e97d644-a73c-11f0-863a-623b4422def7", "image": "/Users/hardikgujral/.cache/monailabel/sessions/5e97d644-a73c-11f0-863a-623b4422def7/tmpop444hc5.nii.gz", "meta": {}, "create_ts": 1760253817, "last_access_ts": 1760253817, "expiry": 3600}
[2025-10-12 12:53:37,580] [68706] [MainThread] [WARNING] (python_multipart.multipart:1401) - Skipping data after last boundary
[2025-10-12 12:53:37,587] [68706] [MainThread] [INFO] (monailabel.endpoints.infer:169) - Infer Request: {'model': 'brats_mri_segmentation', 'image': '/Users/hardikgujral/.cache/monailabel/sessions/5e97d644-a73c-11f0-863a-623b4422def7/tmpop444hc5.nii.gz', 'device': 'cpu', 'model_filename': 'model.pt', 'result_extension': '.nrrd', 'result_dtype': 'uint8', 'client_id': 'user-xyz', 'session': {'name': '5e97d644-a73c-11f0-863a-623b4422def7', 'path': '/Users/hardikgujral/.cache/monailabel/sessions/5e97d644-a73c-11f0-863a-623b4422def7', 'image': '/Users/hardikgujral/.cache/monailabel/sessions/5e97d644-a73c-11f0-863a-623b4422def7/tmpop444hc5.nii.gz', 'meta': {}, 'create_ts': 1760253817, 'last_access_ts': 1760253817, 'expiry': 3600}}
[2025-10-12 12:53:37,587] [68706] [MainThread] [INFO] (monailabel.tasks.infer.basic_infer:280) - Infer Request (final): {'device': 'cpu', 'model_filename': 'model.pt', 'model': 'brats_mri_segmentation', 'image': '/Users/hardikgujral/.cache/monailabel/sessions/5e97d644-a73c-11f0-863a-623b4422def7/tmpop444hc5.nii.gz', 'result_extension': '.nrrd', 'result_dtype': 'uint8', 'client_id': 'user-xyz', 'session': {'name': '5e97d644-a73c-11f0-863a-623b4422def7', 'path': '/Users/hardikgujral/.cache/monailabel/sessions/5e97d644-a73c-11f0-863a-623b4422def7', 'image': '/Users/hardikgujral/.cache/monailabel/sessions/5e97d644-a73c-11f0-863a-623b4422def7/tmpop444hc5.nii.gz', 'meta': {}, 'create_ts': 1760253817, 'last_access_ts': 1760253817, 'expiry': 3600}, 'description': '3D segmentation model for delineating brain tumor subregions from multimodal MRI scans (T1, T1c, T2, FLAIR). The model processes 4-channel input volumes with 1mm isotropic resolution and outputs 3-channel segmentation masks for tumor core (TC), whole tumor (WT), and enhancing tumor (ET).', 'save_label': False}
[2025-10-12 12:53:37,600] [68706] [MainThread] [INFO] (monailabel.interfaces.utils.transform:76) - PRE - Run Transform(s)
[2025-10-12 12:53:37,600] [68706] [MainThread] [INFO] (monailabel.interfaces.utils.transform:77) - PRE - Input Keys: ['device', 'model_filename', 'model', 'image', 'result_extension', 'result_dtype', 'client_id', 'session', 'description', 'save_label', 'image_path']
[2025-10-12 12:53:37,640] [68706] [MainThread] [INFO] (monailabel.interfaces.utils.transform:122) - PRE - Transform (LoadImageTensord): Time: 0.04; image: torch.Size([240, 240, 155])(torch.float32)
[2025-10-12 12:53:37,723] [68706] [MainThread] [INFO] (monailabel.interfaces.utils.transform:122) - PRE - Transform (NormalizeIntensityd): Time: 0.0833; image: torch.Size([240, 240, 155])(torch.float32)
[2025-10-12 12:53:37,725] [68706] [MainThread] [INFO] (monailabel.tasks.infer.basic_infer:503) - Inferer:: cpu => SlidingWindowInferer => {'roi_size': [240, 240, 160], 'sw_batch_size': 1, 'overlap': 0.5, 'mode': constant, 'sigma_scale': 0.125, 'padding_mode': constant, 'cval': 0.0, 'sw_device': None, 'device': None, 'progress': False, 'cpu_thresh': None, 'buffer_steps': None, 'buffer_dim': -1, 'with_coord': False, 'roi_weight_map': None}
[2025-10-12 12:53:37,725] [68706] [MainThread] [INFO] (monailabel.tasks.infer.basic_infer:432) - Infer model path: /Users/hardikgujral/PHD/MonAi Server/monaibundle/model/brats_mri_segmentation/models/model.pt
[2025-10-12 12:53:37,725] [68706] [MainThread] [INFO] (monailabel.tasks.infer.basic_infer:440) - Using <User> provided model_file: /Users/hardikgujral/PHD/MonAi Server/monaibundle/model/brats_mri_segmentation/models/model.pt
[2025-10-12 12:54:18,514] [68706] [MainThread] [WARNING] (python_multipart.multipart:1401) - Skipping data after last boundary
[2025-10-12 12:54:18,516] [68706] [MainThread] [INFO] (monailabel.endpoints.datastore:68) - Image: BraTS20_Training_303_flair_2; File: UploadFile(filename='/private/var/folders/6_/ry2qtq017bz7tbrhd87grxfh0000gn/T/Slicer-hardikgujral/slicer-monai-label2025-10-12_01+18+30.308/tmpym0vbidg.nii.gz', size=1874735, headers=Headers({'content-disposition': 'form-data; name="file"; filename="/private/var/folders/6_/ry2qtq017bz7tbrhd87grxfh0000gn/T/Slicer-hardikgujral/slicer-monai-label2025-10-12_01+18+30.308/tmpym0vbidg.nii.gz"', 'content-type': 'application/octet-stream'})); params: {"client_id": "user-xyz"}
[2025-10-12 12:54:18,518] [68706] [MainThread] [INFO] (monailabel.datastore.local:439) - Adding Image: BraTS20_Training_303_flair_2 => /var/folders/6_/ry2qtq017bz7tbrhd87grxfh0000gn/T/tmp_wukr4p2.nii.gz
[2025-10-12 12:54:18,535] [68706] [Thread-1] [INFO] (monailabel.datastore.local:577) - Invalidate count: 0
[2025-10-12 12:54:18,536] [68706] [Thread-1] [INFO] (monailabel.datastore.local:577) - Invalidate count: 0
[2025-10-12 12:55:32,264] [68706] [MainThread] [WARNING] (python_multipart.multipart:1401) - Skipping data after last boundary
[2025-10-12 12:55:32,272] [68706] [MainThread] [INFO] (monailabel.endpoints.infer:169) - Infer Request: {'model': 'brats_mri_segmentation', 'image': 'BraTS20_Training_303_flair_1', 'device': 'cpu', 'model_filename': 'model.pt', 'result_extension': '.nrrd', 'result_dtype': 'uint8', 'client_id': 'user-xyz'}
[2025-10-12 12:55:32,273] [68706] [MainThread] [INFO] (monailabel.tasks.infer.basic_infer:280) - Infer Request (final): {'device': 'cpu', 'model_filename': 'model.pt', 'model': 'brats_mri_segmentation', 'image': '', 'result_extension': '.nrrd', 'result_dtype': 'uint8', 'client_id': 'user-xyz', 'description': '3D segmentation model for delineating brain tumor subregions from multimodal MRI scans (T1, T1c, T2, FLAIR). The model processes 4-channel input volumes with 1mm isotropic resolution and outputs 3-channel segmentation masks for tumor core (TC), whole tumor (WT), and enhancing tumor (ET).'}
[2025-10-12 12:55:32,288] [68706] [MainThread] [INFO] (monailabel.interfaces.utils.transform:76) - PRE - Run Transform(s)
[2025-10-12 12:55:32,288] [68706] [MainThread] [INFO] (monailabel.interfaces.utils.transform:77) - PRE - Input Keys: ['device', 'model_filename', 'model', 'image', 'result_extension', 'result_dtype', 'client_id', 'description', 'image_path']
[2025-10-12 12:58:43,643] [68706] [MainThread] [WARNING] (python_multipart.multipart:1401) - Skipping data after last boundary
[2025-10-12 12:58:43,645] [68706] [MainThread] [INFO] (monailabel.endpoints.session:69) - Uncompress: False; Expiry: 0
[2025-10-12 12:58:43,645] [68706] [MainThread] [INFO] (monailabel.endpoints.session:70) - Request Files: [UploadFile(filename='tmp3kmh34wt.nii.gz', size=1963124, headers=Headers({'content-disposition': 'form-data; name="files"; filename="tmp3kmh34wt.nii.gz"'}))]
[2025-10-12 12:58:43,647] [68706] [MainThread] [INFO] (monailabel.endpoints.session:84) - 1 => UploadFile(filename='tmp3kmh34wt.nii.gz', size=1963124, headers=Headers({'content-disposition': 'form-data; name="files"; filename="tmp3kmh34wt.nii.gz"'})) => /var/folders/6_/ry2qtq017bz7tbrhd87grxfh0000gn/T/tmpg3pn7mi4/tmp3kmh34wt.nii.gz
[2025-10-12 12:58:43,648] [68706] [MainThread] [INFO] (monailabel.utils.sessions:154) - ++ Time consumed to add session 150c9a2c-a73d-11f0-863a-623b4422def7: 0.00044798851013183594
[2025-10-12 12:58:43,648] [68706] [MainThread] [INFO] (monailabel.endpoints.session:96) - Session ID: 150c9a2c-a73d-11f0-863a-623b4422def7; Info: {"name": "150c9a2c-a73d-11f0-863a-623b4422def7", "path": "/Users/hardikgujral/.cache/monailabel/sessions/150c9a2c-a73d-11f0-863a-623b4422def7", "image": "/Users/hardikgujral/.cache/monailabel/sessions/150c9a2c-a73d-11f0-863a-623b4422def7/tmp3kmh34wt.nii.gz", "meta": {}, "create_ts": 1760254123, "last_access_ts": 1760254123, "expiry": 3600}
[2025-10-12 12:58:43,686] [68706] [MainThread] [WARNING] (python_multipart.multipart:1401) - Skipping data after last boundary
[2025-10-12 12:58:43,693] [68706] [MainThread] [INFO] (monailabel.endpoints.infer:169) - Infer Request: {'model': 'brats_mri_segmentation', 'image': '/Users/hardikgujral/.cache/monailabel/sessions/150c9a2c-a73d-11f0-863a-623b4422def7/tmp3kmh34wt.nii.gz', 'device': 'cpu', 'model_filename': 'model.pt', 'result_extension': '.nrrd', 'result_dtype': 'uint8', 'client_id': 'user-xyz', 'session': {'name': '150c9a2c-a73d-11f0-863a-623b4422def7', 'path': '/Users/hardikgujral/.cache/monailabel/sessions/150c9a2c-a73d-11f0-863a-623b4422def7', 'image': '/Users/hardikgujral/.cache/monailabel/sessions/150c9a2c-a73d-11f0-863a-623b4422def7/tmp3kmh34wt.nii.gz', 'meta': {}, 'create_ts': 1760254123, 'last_access_ts': 1760254123, 'expiry': 3600}}
[2025-10-12 12:58:43,694] [68706] [MainThread] [INFO] (monailabel.tasks.infer.basic_infer:280) - Infer Request (final): {'device': 'cpu', 'model_filename': 'model.pt', 'model': 'brats_mri_segmentation', 'image': '/Users/hardikgujral/.cache/monailabel/sessions/150c9a2c-a73d-11f0-863a-623b4422def7/tmp3kmh34wt.nii.gz', 'result_extension': '.nrrd', 'result_dtype': 'uint8', 'client_id': 'user-xyz', 'session': {'name': '150c9a2c-a73d-11f0-863a-623b4422def7', 'path': '/Users/hardikgujral/.cache/monailabel/sessions/150c9a2c-a73d-11f0-863a-623b4422def7', 'image': '/Users/hardikgujral/.cache/monailabel/sessions/150c9a2c-a73d-11f0-863a-623b4422def7/tmp3kmh34wt.nii.gz', 'meta': {}, 'create_ts': 1760254123, 'last_access_ts': 1760254123, 'expiry': 3600}, 'description': '3D segmentation model for delineating brain tumor subregions from multimodal MRI scans (T1, T1c, T2, FLAIR). The model processes 4-channel input volumes with 1mm isotropic resolution and outputs 3-channel segmentation masks for tumor core (TC), whole tumor (WT), and enhancing tumor (ET).', 'save_label': False}
[2025-10-12 12:58:43,707] [68706] [MainThread] [INFO] (monailabel.interfaces.utils.transform:76) - PRE - Run Transform(s)
[2025-10-12 12:58:43,707] [68706] [MainThread] [INFO] (monailabel.interfaces.utils.transform:77) - PRE - Input Keys: ['device', 'model_filename', 'model', 'image', 'result_extension', 'result_dtype', 'client_id', 'session', 'description', 'save_label', 'image_path']
[2025-10-12 12:58:43,751] [68706] [MainThread] [INFO] (monailabel.interfaces.utils.transform:122) - PRE - Transform (LoadImageTensord): Time: 0.043; image: torch.Size([240, 240, 155])(torch.float32)
[2025-10-12 12:58:43,827] [68706] [MainThread] [INFO] (monailabel.interfaces.utils.transform:122) - PRE - Transform (NormalizeIntensityd): Time: 0.0756; image: torch.Size([240, 240, 155])(torch.float32)
[2025-10-12 12:58:43,828] [68706] [MainThread] [INFO] (monailabel.tasks.infer.basic_infer:503) - Inferer:: cpu => SlidingWindowInferer => {'roi_size': [240, 240, 160], 'sw_batch_size': 1, 'overlap': 0.5, 'mode': constant, 'sigma_scale': 0.125, 'padding_mode': constant, 'cval': 0.0, 'sw_device': None, 'device': None, 'progress': False, 'cpu_thresh': None, 'buffer_steps': None, 'buffer_dim': -1, 'with_coord': False, 'roi_weight_map': None}
[2025-10-12 12:58:43,828] [68706] [MainThread] [INFO] (monailabel.tasks.infer.basic_infer:432) - Infer model path: /Users/hardikgujral/PHD/MonAi Server/monaibundle/model/brats_mri_segmentation/models/model.pt
[2025-10-12 12:58:43,828] [68706] [MainThread] [INFO] (monailabel.tasks.infer.basic_infer:440) - Using <User> provided model_file: /Users/hardikgujral/PHD/MonAi Server/monaibundle/model/brats_mri_segmentation/models/model.pt
[2025-10-12 13:00:02,578] [68706] [MainThread] [WARNING] (python_multipart.multipart:1401) - Skipping data after last boundary
[2025-10-12 13:00:02,587] [68706] [MainThread] [INFO] (monailabel.endpoints.infer:169) - Infer Request: {'model': 'brats_mri_segmentation', 'image': '/Users/hardikgujral/.cache/monailabel/sessions/150c9a2c-a73d-11f0-863a-623b4422def7/tmp3kmh34wt.nii.gz', 'device': 'cpu', 'model_filename': 'model.pt', 'result_extension': '.nrrd', 'result_dtype': 'uint8', 'client_id': 'user-xyz', 'session': {'name': '150c9a2c-a73d-11f0-863a-623b4422def7', 'path': '/Users/hardikgujral/.cache/monailabel/sessions/150c9a2c-a73d-11f0-863a-623b4422def7', 'image': '/Users/hardikgujral/.cache/monailabel/sessions/150c9a2c-a73d-11f0-863a-623b4422def7/tmp3kmh34wt.nii.gz', 'meta': {}, 'create_ts': 1760254123, 'last_access_ts': 1760254202, 'expiry': 3600}}
[2025-10-12 13:00:02,588] [68706] [MainThread] [INFO] (monailabel.tasks.infer.basic_infer:280) - Infer Request (final): {'device': 'cpu', 'model_filename': 'model.pt', 'model': 'brats_mri_segmentation', 'image': '/Users/hardikgujral/.cache/monailabel/sessions/150c9a2c-a73d-11f0-863a-623b4422def7/tmp3kmh34wt.nii.gz', 'result_extension': '.nrrd', 'result_dtype': 'uint8', 'client_id': 'user-xyz', 'session': {'name': '150c9a2c-a73d-11f0-863a-623b4422def7', 'path': '/Users/hardikgujral/.cache/monailabel/sessions/150c9a2c-a73d-11f0-863a-623b4422def7', 'image': '/Users/hardikgujral/.cache/monailabel/sessions/150c9a2c-a73d-11f0-863a-623b4422def7/tmp3kmh34wt.nii.gz', 'meta': {}, 'create_ts': 1760254123, 'last_access_ts': 1760254202, 'expiry': 3600}, 'description': '3D segmentation model for delineating brain tumor subregions from multimodal MRI scans (T1, T1c, T2, FLAIR). The model processes 4-channel input volumes with 1mm isotropic resolution and outputs 3-channel segmentation masks for tumor core (TC), whole tumor (WT), and enhancing tumor (ET).', 'save_label': False}
[2025-10-12 13:00:02,604] [68706] [MainThread] [INFO] (monailabel.interfaces.utils.transform:76) - PRE - Run Transform(s)
[2025-10-12 13:00:02,604] [68706] [MainThread] [INFO] (monailabel.interfaces.utils.transform:77) - PRE - Input Keys: ['device', 'model_filename', 'model', 'image', 'result_extension', 'result_dtype', 'client_id', 'session', 'description', 'save_label', 'image_path']
[2025-10-12 13:00:02,645] [68706] [MainThread] [INFO] (monailabel.interfaces.utils.transform:122) - PRE - Transform (LoadImageTensord): Time: 0.04; image: torch.Size([240, 240, 155])(torch.float32)
[2025-10-12 13:00:02,719] [68706] [MainThread] [INFO] (monailabel.interfaces.utils.transform:122) - PRE - Transform (NormalizeIntensityd): Time: 0.0746; image: torch.Size([240, 240, 155])(torch.float32)
[2025-10-12 13:00:02,721] [68706] [MainThread] [INFO] (monailabel.tasks.infer.basic_infer:503) - Inferer:: cpu => SlidingWindowInferer => {'roi_size': [240, 240, 160], 'sw_batch_size': 1, 'overlap': 0.5, 'mode': constant, 'sigma_scale': 0.125, 'padding_mode': constant, 'cval': 0.0, 'sw_device': None, 'device': None, 'progress': False, 'cpu_thresh': None, 'buffer_steps': None, 'buffer_dim': -1, 'with_coord': False, 'roi_weight_map': None}
[2025-10-12 13:00:02,721] [68706] [MainThread] [INFO] (monailabel.tasks.infer.basic_infer:432) - Infer model path: /Users/hardikgujral/PHD/MonAi Server/monaibundle/model/brats_mri_segmentation/models/model.pt
[2025-10-12 13:00:02,721] [68706] [MainThread] [INFO] (monailabel.tasks.infer.basic_infer:440) - Using <User> provided model_file: /Users/hardikgujral/PHD/MonAi Server/monaibundle/model/brats_mri_segmentation/models/model.pt
[2025-10-12 13:00:25,195] [68706] [MainThread] [WARNING] (python_multipart.multipart:1401) - Skipping data after last boundary
[2025-10-12 13:00:25,203] [68706] [MainThread] [INFO] (monailabel.endpoints.infer:169) - Infer Request: {'model': 'brats_mri_segmentation', 'image': '/Users/hardikgujral/.cache/monailabel/sessions/150c9a2c-a73d-11f0-863a-623b4422def7/tmp3kmh34wt.nii.gz', 'device': 'cpu', 'model_filename': 'model.pt', 'result_extension': '.nrrd', 'result_dtype': 'uint8', 'client_id': 'user-xyz', 'session': {'name': '150c9a2c-a73d-11f0-863a-623b4422def7', 'path': '/Users/hardikgujral/.cache/monailabel/sessions/150c9a2c-a73d-11f0-863a-623b4422def7', 'image': '/Users/hardikgujral/.cache/monailabel/sessions/150c9a2c-a73d-11f0-863a-623b4422def7/tmp3kmh34wt.nii.gz', 'meta': {}, 'create_ts': 1760254123, 'last_access_ts': 1760254225, 'expiry': 3600}}
[2025-10-12 13:00:25,204] [68706] [MainThread] [INFO] (monailabel.tasks.infer.basic_infer:280) - Infer Request (final): {'device': 'cpu', 'model_filename': 'model.pt', 'model': 'brats_mri_segmentation', 'image': '/Users/hardikgujral/.cache/monailabel/sessions/150c9a2c-a73d-11f0-863a-623b4422def7/tmp3kmh34wt.nii.gz', 'result_extension': '.nrrd', 'result_dtype': 'uint8', 'client_id': 'user-xyz', 'session': {'name': '150c9a2c-a73d-11f0-863a-623b4422def7', 'path': '/Users/hardikgujral/.cache/monailabel/sessions/150c9a2c-a73d-11f0-863a-623b4422def7', 'image': '/Users/hardikgujral/.cache/monailabel/sessions/150c9a2c-a73d-11f0-863a-623b4422def7/tmp3kmh34wt.nii.gz', 'meta': {}, 'create_ts': 1760254123, 'last_access_ts': 1760254225, 'expiry': 3600}, 'description': '3D segmentation model for delineating brain tumor subregions from multimodal MRI scans (T1, T1c, T2, FLAIR). The model processes 4-channel input volumes with 1mm isotropic resolution and outputs 3-channel segmentation masks for tumor core (TC), whole tumor (WT), and enhancing tumor (ET).', 'save_label': False}
[2025-10-12 13:00:25,219] [68706] [MainThread] [INFO] (monailabel.interfaces.utils.transform:76) - PRE - Run Transform(s)
[2025-10-12 13:00:25,219] [68706] [MainThread] [INFO] (monailabel.interfaces.utils.transform:77) - PRE - Input Keys: ['device', 'model_filename', 'model', 'image', 'result_extension', 'result_dtype', 'client_id', 'session', 'description', 'save_label', 'image_path']
[2025-10-12 13:00:25,258] [68706] [MainThread] [INFO] (monailabel.interfaces.utils.transform:122) - PRE - Transform (LoadImageTensord): Time: 0.0383; image: torch.Size([240, 240, 155])(torch.float32)
[2025-10-12 13:00:25,333] [68706] [MainThread] [INFO] (monailabel.interfaces.utils.transform:122) - PRE - Transform (NormalizeIntensityd): Time: 0.0746; image: torch.Size([240, 240, 155])(torch.float32)
[2025-10-12 13:00:25,334] [68706] [MainThread] [INFO] (monailabel.tasks.infer.basic_infer:503) - Inferer:: cpu => SlidingWindowInferer => {'roi_size': [240, 240, 160], 'sw_batch_size': 1, 'overlap': 0.5, 'mode': constant, 'sigma_scale': 0.125, 'padding_mode': constant, 'cval': 0.0, 'sw_device': None, 'device': None, 'progress': False, 'cpu_thresh': None, 'buffer_steps': None, 'buffer_dim': -1, 'with_coord': False, 'roi_weight_map': None}
[2025-10-12 13:00:25,334] [68706] [MainThread] [INFO] (monailabel.tasks.infer.basic_infer:432) - Infer model path: /Users/hardikgujral/PHD/MonAi Server/monaibundle/model/brats_mri_segmentation/models/model.pt
[2025-10-12 13:00:25,334] [68706] [MainThread] [INFO] (monailabel.tasks.infer.basic_infer:440) - Using <User> provided model_file: /Users/hardikgujral/PHD/MonAi Server/monaibundle/model/brats_mri_segmentation/models/model.pt
[2025-10-12 13:04:15,098] [69594] [MainThread] [INFO] (monailabel.interfaces.utils.app:37) - Initializing App from: /Users/hardikgujral/PHD/MonAi Server/monaibundle; studies: /Users/hardikgujral/PHD/MonAi Server/monaibundle/Brats_Data; conf: {'models': 'brats_mri_segmentation'}
[2025-10-12 13:04:15,125] [69594] [MainThread] [INFO] (monailabel.utils.others.class_utils:57) - Subclass for MONAILabelApp Found: <class 'main.MyApp'>
[2025-10-12 13:04:17,744] [69594] [MainThread] [INFO] (monailabel.utils.others.generic:302) - +++ Adding Bundle from Local: brats_mri_segmentation => /Users/hardikgujral/PHD/MonAi Server/monaibundle/model/brats_mri_segmentation
[2025-10-12 13:04:17,744] [69594] [MainThread] [INFO] (monailabel.utils.others.generic:364) - +++ Using Bundle Models: ['brats_mri_segmentation']
[2025-10-12 13:04:17,744] [69594] [MainThread] [INFO] (monailabel.interfaces.app:135) - Init Datastore for: /Users/hardikgujral/PHD/MonAi Server/monaibundle/Brats_Data
[2025-10-12 13:04:17,745] [69594] [MainThread] [INFO] (monailabel.datastore.local:130) - Auto Reload: True; Extensions: ['*.nii.gz', '*.nii', '*.nrrd', '*.jpg', '*.png', '*.tif', '*.svs', '*.xml']
[2025-10-12 13:04:17,754] [69594] [MainThread] [INFO] (monailabel.datastore.local:577) - Invalidate count: 0
[2025-10-12 13:04:17,754] [69594] [MainThread] [INFO] (monailabel.datastore.local:151) - Start observing external modifications on datastore (AUTO RELOAD)
[2025-10-12 13:04:17,810] [69594] [MainThread] [INFO] (monailabel.tasks.infer.bundle:142) - Model: brats_mri_segmentation; Type: segmentation; Label: Tumor core => 0
[2025-10-12 13:04:17,810] [69594] [MainThread] [INFO] (monailabel.tasks.infer.bundle:142) - Model: brats_mri_segmentation; Type: segmentation; Label: Whole tumor => 1
[2025-10-12 13:04:17,810] [69594] [MainThread] [INFO] (monailabel.tasks.infer.bundle:142) - Model: brats_mri_segmentation; Type: segmentation; Label: Enhancing tumor => 2
[2025-10-12 13:04:17,813] [69594] [MainThread] [INFO] (main:77) - +++ Adding Inferer:: brats_mri_segmentation => <monailabel.tasks.infer.bundle.BundleInferTask object at 0x17a354fd0>
[2025-10-12 13:04:17,903] [69594] [MainThread] [INFO] (monailabel.sam2.infer:65) - Image Cache Initialized: /Users/hardikgujral/.cache/monailabel/sam2
[2025-10-12 13:04:17,903] [69594] [MainThread] [INFO] (timeloop:60) - Starting Timeloop..
[2025-10-12 13:04:17,903] [69594] [MainThread] [INFO] (timeloop:42) - Registered job <function ImageCache.monitor.<locals>.run_scheduler at 0x17ab65000>
[2025-10-12 13:04:17,903] [69594] [MainThread] [INFO] (timeloop:63) - Timeloop now started. Jobs will run based on the interval set
[2025-10-12 13:04:17,904] [69594] [MainThread] [INFO] (main:100) - +++ Adding Trainer:: brats_mri_segmentation => <monailabel.tasks.train.bundle.BundleTrainTask object at 0x17a5617e0>
[2025-10-12 13:04:17,905] [69594] [MainThread] [INFO] (main:110) - Active Learning Strategies:: ['random', 'first']
[2025-10-12 13:04:17,905] [69594] [MainThread] [INFO] (monailabel.utils.sessions:51) - Session Path: /Users/hardikgujral/.cache/monailabel/sessions
[2025-10-12 13:04:17,905] [69594] [MainThread] [INFO] (monailabel.utils.sessions:52) - Session Expiry (max): 3600
[2025-10-12 13:04:17,905] [69594] [MainThread] [INFO] (monailabel.interfaces.app:469) - App Init - completed
[2025-10-12 13:04:17,905] [69594] [MainThread] [INFO] (timeloop:60) - Starting Timeloop..
[2025-10-12 13:04:17,905] [69594] [MainThread] [INFO] (timeloop:42) - Registered job <function MONAILabelApp.on_init_complete.<locals>.run_scheduler at 0x17ab02f80>
[2025-10-12 13:04:17,905] [69594] [MainThread] [INFO] (timeloop:63) - Timeloop now started. Jobs will run based on the interval set
[2025-10-12 13:04:26,842] [69594] [MainThread] [WARNING] (python_multipart.multipart:1401) - Skipping data after last boundary
[2025-10-12 13:04:26,851] [69594] [MainThread] [INFO] (monailabel.endpoints.infer:169) - Infer Request: {'model': 'brats_mri_segmentation', 'image': '/Users/hardikgujral/.cache/monailabel/sessions/150c9a2c-a73d-11f0-863a-623b4422def7/tmp3kmh34wt.nii.gz', 'device': 'cpu', 'model_filename': 'model.pt', 'result_extension': '.nrrd', 'result_dtype': 'uint8', 'client_id': 'user-xyz', 'session': {'name': '150c9a2c-a73d-11f0-863a-623b4422def7', 'path': '/Users/hardikgujral/.cache/monailabel/sessions/150c9a2c-a73d-11f0-863a-623b4422def7', 'image': '/Users/hardikgujral/.cache/monailabel/sessions/150c9a2c-a73d-11f0-863a-623b4422def7/tmp3kmh34wt.nii.gz', 'meta': {}, 'create_ts': 1760254123, 'last_access_ts': 1760254466, 'expiry': 3600}}
[2025-10-12 13:04:26,852] [69594] [MainThread] [INFO] (monailabel.tasks.infer.basic_infer:280) - Infer Request (final): {'device': 'cpu', 'model_filename': 'model.pt', 'model': 'brats_mri_segmentation', 'image': '/Users/hardikgujral/.cache/monailabel/sessions/150c9a2c-a73d-11f0-863a-623b4422def7/tmp3kmh34wt.nii.gz', 'result_extension': '.nrrd', 'result_dtype': 'uint8', 'client_id': 'user-xyz', 'session': {'name': '150c9a2c-a73d-11f0-863a-623b4422def7', 'path': '/Users/hardikgujral/.cache/monailabel/sessions/150c9a2c-a73d-11f0-863a-623b4422def7', 'image': '/Users/hardikgujral/.cache/monailabel/sessions/150c9a2c-a73d-11f0-863a-623b4422def7/tmp3kmh34wt.nii.gz', 'meta': {}, 'create_ts': 1760254123, 'last_access_ts': 1760254466, 'expiry': 3600}, 'description': '3D segmentation model for delineating brain tumor subregions from multimodal MRI scans (T1, T1c, T2, FLAIR). The model processes 4-channel input volumes with 1mm isotropic resolution and outputs 3-channel segmentation masks for tumor core (TC), whole tumor (WT), and enhancing tumor (ET).', 'save_label': False}
[2025-10-12 13:04:26,867] [69594] [MainThread] [INFO] (monailabel.interfaces.utils.transform:76) - PRE - Run Transform(s)
[2025-10-12 13:04:26,868] [69594] [MainThread] [INFO] (monailabel.interfaces.utils.transform:77) - PRE - Input Keys: ['device', 'model_filename', 'model', 'image', 'result_extension', 'result_dtype', 'client_id', 'session', 'description', 'save_label', 'image_path']
[2025-10-12 13:04:26,907] [69594] [MainThread] [INFO] (monailabel.interfaces.utils.transform:122) - PRE - Transform (LoadImageTensord): Time: 0.0395; image: torch.Size([240, 240, 155])(torch.float32)
[2025-10-12 13:04:26,960] [69594] [MainThread] [INFO] (monailabel.interfaces.utils.transform:122) - PRE - Transform (NormalizeIntensityd): Time: 0.0523; image: torch.Size([240, 240, 155])(torch.float32)
[2025-10-12 13:04:26,962] [69594] [MainThread] [INFO] (monailabel.tasks.infer.basic_infer:503) - Inferer:: cpu => SlidingWindowInferer => {'roi_size': [240, 240, 160], 'sw_batch_size': 1, 'overlap': 0.5, 'mode': constant, 'sigma_scale': 0.125, 'padding_mode': constant, 'cval': 0.0, 'sw_device': None, 'device': None, 'progress': False, 'cpu_thresh': None, 'buffer_steps': None, 'buffer_dim': -1, 'with_coord': False, 'roi_weight_map': None}
[2025-10-12 13:04:26,962] [69594] [MainThread] [INFO] (monailabel.tasks.infer.basic_infer:432) - Infer model path: /Users/hardikgujral/PHD/MonAi Server/monaibundle/model/brats_mri_segmentation/models/model.pt
[2025-10-12 13:04:26,962] [69594] [MainThread] [INFO] (monailabel.tasks.infer.basic_infer:440) - Using <User> provided model_file: /Users/hardikgujral/PHD/MonAi Server/monaibundle/model/brats_mri_segmentation/models/model.pt
[2025-10-12 13:11:07,166] [72598] [MainThread] [INFO] (monailabel.interfaces.utils.app:37) - Initializing App from: /Users/hardikgujral/PHD/MonAi Server/monaibundle; studies: /Users/hardikgujral/PHD/MonAi Server/monaibundle/Brats_Data; conf: {'models': 'brats_mri_segmentation'}
[2025-10-12 13:11:07,193] [72598] [MainThread] [INFO] (monailabel.utils.others.class_utils:57) - Subclass for MONAILabelApp Found: <class 'main.MyApp'>
[2025-10-12 13:11:10,053] [72598] [MainThread] [INFO] (monailabel.utils.others.generic:302) - +++ Adding Bundle from Local: brats_mri_segmentation => /Users/hardikgujral/PHD/MonAi Server/monaibundle/model/brats_mri_segmentation
[2025-10-12 13:11:10,054] [72598] [MainThread] [INFO] (monailabel.utils.others.generic:364) - +++ Using Bundle Models: ['brats_mri_segmentation']
[2025-10-12 13:11:10,054] [72598] [MainThread] [INFO] (monailabel.interfaces.app:135) - Init Datastore for: /Users/hardikgujral/PHD/MonAi Server/monaibundle/Brats_Data
[2025-10-12 13:11:10,055] [72598] [MainThread] [INFO] (monailabel.datastore.local:130) - Auto Reload: True; Extensions: ['*.nii.gz', '*.nii', '*.nrrd', '*.jpg', '*.png', '*.tif', '*.svs', '*.xml']
[2025-10-12 13:11:10,060] [72598] [MainThread] [INFO] (monailabel.datastore.local:577) - Invalidate count: 0
[2025-10-12 13:11:10,060] [72598] [MainThread] [INFO] (monailabel.datastore.local:151) - Start observing external modifications on datastore (AUTO RELOAD)
[2025-10-12 13:11:10,117] [72598] [MainThread] [INFO] (monailabel.tasks.infer.bundle:142) - Model: brats_mri_segmentation; Type: segmentation; Label: Tumor core => 0
[2025-10-12 13:11:10,117] [72598] [MainThread] [INFO] (monailabel.tasks.infer.bundle:142) - Model: brats_mri_segmentation; Type: segmentation; Label: Whole tumor => 1
[2025-10-12 13:11:10,117] [72598] [MainThread] [INFO] (monailabel.tasks.infer.bundle:142) - Model: brats_mri_segmentation; Type: segmentation; Label: Enhancing tumor => 2
[2025-10-12 13:11:10,120] [72598] [MainThread] [INFO] (main:77) - +++ Adding Inferer:: brats_mri_segmentation => <monailabel.tasks.infer.bundle.BundleInferTask object at 0x30129f4f0>
[2025-10-12 13:11:10,180] [72598] [MainThread] [INFO] (monailabel.sam2.infer:65) - Image Cache Initialized: /Users/hardikgujral/.cache/monailabel/sam2
[2025-10-12 13:11:10,181] [72598] [MainThread] [INFO] (timeloop:60) - Starting Timeloop..
[2025-10-12 13:11:10,181] [72598] [MainThread] [INFO] (timeloop:42) - Registered job <function ImageCache.monitor.<locals>.run_scheduler at 0x3019e51b0>
[2025-10-12 13:11:10,181] [72598] [MainThread] [INFO] (timeloop:63) - Timeloop now started. Jobs will run based on the interval set
[2025-10-12 13:11:10,182] [72598] [MainThread] [INFO] (main:100) - +++ Adding Trainer:: brats_mri_segmentation => <monailabel.tasks.train.bundle.BundleTrainTask object at 0x3013f1780>
[2025-10-12 13:11:10,182] [72598] [MainThread] [INFO] (main:110) - Active Learning Strategies:: ['random', 'first']
[2025-10-12 13:11:10,182] [72598] [MainThread] [INFO] (monailabel.utils.sessions:51) - Session Path: /Users/hardikgujral/.cache/monailabel/sessions
[2025-10-12 13:11:10,182] [72598] [MainThread] [INFO] (monailabel.utils.sessions:52) - Session Expiry (max): 3600
[2025-10-12 13:11:10,182] [72598] [MainThread] [INFO] (monailabel.interfaces.app:469) - App Init - completed
[2025-10-12 13:11:10,183] [72598] [MainThread] [INFO] (timeloop:60) - Starting Timeloop..
[2025-10-12 13:11:10,183] [72598] [MainThread] [INFO] (timeloop:42) - Registered job <function MONAILabelApp.on_init_complete.<locals>.run_scheduler at 0x301983130>
[2025-10-12 13:11:10,183] [72598] [MainThread] [INFO] (timeloop:63) - Timeloop now started. Jobs will run based on the interval set
[2025-10-12 13:11:18,805] [72598] [MainThread] [WARNING] (python_multipart.multipart:1401) - Skipping data after last boundary
[2025-10-12 13:11:18,815] [72598] [MainThread] [INFO] (monailabel.endpoints.infer:169) - Infer Request: {'model': 'brats_mri_segmentation', 'image': '/Users/hardikgujral/.cache/monailabel/sessions/150c9a2c-a73d-11f0-863a-623b4422def7/tmp3kmh34wt.nii.gz', 'device': 'cpu', 'model_filename': 'model.pt', 'result_extension': '.nrrd', 'result_dtype': 'uint8', 'client_id': 'user-xyz', 'session': {'name': '150c9a2c-a73d-11f0-863a-623b4422def7', 'path': '/Users/hardikgujral/.cache/monailabel/sessions/150c9a2c-a73d-11f0-863a-623b4422def7', 'image': '/Users/hardikgujral/.cache/monailabel/sessions/150c9a2c-a73d-11f0-863a-623b4422def7/tmp3kmh34wt.nii.gz', 'meta': {}, 'create_ts': 1760254123, 'last_access_ts': 1760254878, 'expiry': 3600}}
[2025-10-12 13:11:18,816] [72598] [MainThread] [INFO] (monailabel.tasks.infer.basic_infer:280) - Infer Request (final): {'device': 'cpu', 'model_filename': 'model.pt', 'model': 'brats_mri_segmentation', 'image': '/Users/hardikgujral/.cache/monailabel/sessions/150c9a2c-a73d-11f0-863a-623b4422def7/tmp3kmh34wt.nii.gz', 'result_extension': '.nrrd', 'result_dtype': 'uint8', 'client_id': 'user-xyz', 'session': {'name': '150c9a2c-a73d-11f0-863a-623b4422def7', 'path': '/Users/hardikgujral/.cache/monailabel/sessions/150c9a2c-a73d-11f0-863a-623b4422def7', 'image': '/Users/hardikgujral/.cache/monailabel/sessions/150c9a2c-a73d-11f0-863a-623b4422def7/tmp3kmh34wt.nii.gz', 'meta': {}, 'create_ts': 1760254123, 'last_access_ts': 1760254878, 'expiry': 3600}, 'description': '3D segmentation model for delineating brain tumor subregions from multimodal MRI scans (T1, T1c, T2, FLAIR). The model processes 4-channel input volumes with 1mm isotropic resolution and outputs 3-channel segmentation masks for tumor core (TC), whole tumor (WT), and enhancing tumor (ET).', 'save_label': False}
[2025-10-12 13:11:18,832] [72598] [MainThread] [INFO] (monailabel.interfaces.utils.transform:76) - PRE - Run Transform(s)
[2025-10-12 13:11:18,832] [72598] [MainThread] [INFO] (monailabel.interfaces.utils.transform:77) - PRE - Input Keys: ['device', 'model_filename', 'model', 'image', 'result_extension', 'result_dtype', 'client_id', 'session', 'description', 'save_label', 'image_path']
[2025-10-12 13:11:18,876] [72598] [MainThread] [INFO] (monailabel.interfaces.utils.transform:122) - PRE - Transform (LoadImageTensord): Time: 0.0435; image: torch.Size([240, 240, 155])(torch.float32)
[2025-10-12 13:11:18,937] [72598] [MainThread] [INFO] (monailabel.interfaces.utils.transform:122) - PRE - Transform (NormalizeIntensityd): Time: 0.0611; image: torch.Size([240, 240, 155])(torch.float32)
[2025-10-12 13:11:18,939] [72598] [MainThread] [INFO] (monailabel.tasks.infer.basic_infer:503) - Inferer:: cpu => SlidingWindowInferer => {'roi_size': [240, 240, 160], 'sw_batch_size': 1, 'overlap': 0.5, 'mode': constant, 'sigma_scale': 0.125, 'padding_mode': constant, 'cval': 0.0, 'sw_device': None, 'device': None, 'progress': False, 'cpu_thresh': None, 'buffer_steps': None, 'buffer_dim': -1, 'with_coord': False, 'roi_weight_map': None}
[2025-10-12 13:11:18,939] [72598] [MainThread] [INFO] (monailabel.tasks.infer.basic_infer:432) - Infer model path: /Users/hardikgujral/PHD/MonAi Server/monaibundle/model/brats_mri_segmentation/models/model.pt
[2025-10-12 13:11:18,939] [72598] [MainThread] [INFO] (monailabel.tasks.infer.basic_infer:440) - Using <User> provided model_file: /Users/hardikgujral/PHD/MonAi Server/monaibundle/model/brats_mri_segmentation/models/model.pt
[2025-10-12 13:19:38,150] [72598] [MainThread] [WARNING] (python_multipart.multipart:1401) - Skipping data after last boundary
[2025-10-12 13:19:38,156] [72598] [MainThread] [INFO] (monailabel.endpoints.infer:169) - Infer Request: {'model': 'brats_mri_segmentation', 'image': '/Users/hardikgujral/.cache/monailabel/sessions/150c9a2c-a73d-11f0-863a-623b4422def7/tmp3kmh34wt.nii.gz', 'device': 'cpu', 'model_filename': 'model.pt', 'result_extension': '.nrrd', 'result_dtype': 'uint8', 'client_id': 'user-xyz', 'session': {'name': '150c9a2c-a73d-11f0-863a-623b4422def7', 'path': '/Users/hardikgujral/.cache/monailabel/sessions/150c9a2c-a73d-11f0-863a-623b4422def7', 'image': '/Users/hardikgujral/.cache/monailabel/sessions/150c9a2c-a73d-11f0-863a-623b4422def7/tmp3kmh34wt.nii.gz', 'meta': {}, 'create_ts': 1760254123, 'last_access_ts': 1760255378, 'expiry': 3600}}
[2025-10-12 13:19:38,157] [72598] [MainThread] [INFO] (monailabel.tasks.infer.basic_infer:280) - Infer Request (final): {'device': 'cpu', 'model_filename': 'model.pt', 'model': 'brats_mri_segmentation', 'image': '/Users/hardikgujral/.cache/monailabel/sessions/150c9a2c-a73d-11f0-863a-623b4422def7/tmp3kmh34wt.nii.gz', 'result_extension': '.nrrd', 'result_dtype': 'uint8', 'client_id': 'user-xyz', 'session': {'name': '150c9a2c-a73d-11f0-863a-623b4422def7', 'path': '/Users/hardikgujral/.cache/monailabel/sessions/150c9a2c-a73d-11f0-863a-623b4422def7', 'image': '/Users/hardikgujral/.cache/monailabel/sessions/150c9a2c-a73d-11f0-863a-623b4422def7/tmp3kmh34wt.nii.gz', 'meta': {}, 'create_ts': 1760254123, 'last_access_ts': 1760255378, 'expiry': 3600}, 'description': '3D segmentation model for delineating brain tumor subregions from multimodal MRI scans (T1, T1c, T2, FLAIR). The model processes 4-channel input volumes with 1mm isotropic resolution and outputs 3-channel segmentation masks for tumor core (TC), whole tumor (WT), and enhancing tumor (ET).', 'save_label': False}
[2025-10-12 13:19:38,170] [72598] [MainThread] [INFO] (monailabel.interfaces.utils.transform:76) - PRE - Run Transform(s)
[2025-10-12 13:19:38,171] [72598] [MainThread] [INFO] (monailabel.interfaces.utils.transform:77) - PRE - Input Keys: ['device', 'model_filename', 'model', 'image', 'result_extension', 'result_dtype', 'client_id', 'session', 'description', 'save_label', 'image_path']
[2025-10-12 13:19:38,206] [72598] [MainThread] [INFO] (monailabel.interfaces.utils.transform:122) - PRE - Transform (LoadImageTensord): Time: 0.0353; image: torch.Size([240, 240, 155])(torch.float32)
[2025-10-12 13:19:38,257] [72598] [MainThread] [INFO] (monailabel.interfaces.utils.transform:122) - PRE - Transform (NormalizeIntensityd): Time: 0.05; image: torch.Size([240, 240, 155])(torch.float32)
[2025-10-12 13:19:38,258] [72598] [MainThread] [INFO] (monailabel.tasks.infer.basic_infer:503) - Inferer:: cpu => SlidingWindowInferer => {'roi_size': [240, 240, 160], 'sw_batch_size': 1, 'overlap': 0.5, 'mode': constant, 'sigma_scale': 0.125, 'padding_mode': constant, 'cval': 0.0, 'sw_device': None, 'device': None, 'progress': False, 'cpu_thresh': None, 'buffer_steps': None, 'buffer_dim': -1, 'with_coord': False, 'roi_weight_map': None}
[2025-10-12 13:19:38,258] [72598] [MainThread] [INFO] (monailabel.tasks.infer.basic_infer:432) - Infer model path: /Users/hardikgujral/PHD/MonAi Server/monaibundle/model/brats_mri_segmentation/models/model.pt
[2025-10-12 13:19:38,258] [72598] [MainThread] [INFO] (monailabel.tasks.infer.basic_infer:440) - Using <User> provided model_file: /Users/hardikgujral/PHD/MonAi Server/monaibundle/model/brats_mri_segmentation/models/model.pt
[2025-10-12 13:24:19,356] [72598] [MainThread] [WARNING] (python_multipart.multipart:1401) - Skipping data after last boundary
[2025-10-12 13:24:19,365] [72598] [MainThread] [INFO] (monailabel.endpoints.infer:169) - Infer Request: {'model': 'brats_mri_segmentation', 'image': '/Users/hardikgujral/.cache/monailabel/sessions/150c9a2c-a73d-11f0-863a-623b4422def7/tmp3kmh34wt.nii.gz', 'device': 'cpu', 'model_filename': 'model.pt', 'result_extension': '.nrrd', 'result_dtype': 'uint8', 'client_id': 'user-xyz', 'session': {'name': '150c9a2c-a73d-11f0-863a-623b4422def7', 'path': '/Users/hardikgujral/.cache/monailabel/sessions/150c9a2c-a73d-11f0-863a-623b4422def7', 'image': '/Users/hardikgujral/.cache/monailabel/sessions/150c9a2c-a73d-11f0-863a-623b4422def7/tmp3kmh34wt.nii.gz', 'meta': {}, 'create_ts': 1760254123, 'last_access_ts': 1760255659, 'expiry': 3600}}
[2025-10-12 13:24:19,366] [72598] [MainThread] [INFO] (monailabel.tasks.infer.basic_infer:280) - Infer Request (final): {'device': 'cpu', 'model_filename': 'model.pt', 'model': 'brats_mri_segmentation', 'image': '/Users/hardikgujral/.cache/monailabel/sessions/150c9a2c-a73d-11f0-863a-623b4422def7/tmp3kmh34wt.nii.gz', 'result_extension': '.nrrd', 'result_dtype': 'uint8', 'client_id': 'user-xyz', 'session': {'name': '150c9a2c-a73d-11f0-863a-623b4422def7', 'path': '/Users/hardikgujral/.cache/monailabel/sessions/150c9a2c-a73d-11f0-863a-623b4422def7', 'image': '/Users/hardikgujral/.cache/monailabel/sessions/150c9a2c-a73d-11f0-863a-623b4422def7/tmp3kmh34wt.nii.gz', 'meta': {}, 'create_ts': 1760254123, 'last_access_ts': 1760255659, 'expiry': 3600}, 'description': '3D segmentation model for delineating brain tumor subregions from multimodal MRI scans (T1, T1c, T2, FLAIR). The model processes 4-channel input volumes with 1mm isotropic resolution and outputs 3-channel segmentation masks for tumor core (TC), whole tumor (WT), and enhancing tumor (ET).', 'save_label': False}
[2025-10-12 13:24:19,381] [72598] [MainThread] [INFO] (monailabel.interfaces.utils.transform:76) - PRE - Run Transform(s)
[2025-10-12 13:24:19,382] [72598] [MainThread] [INFO] (monailabel.interfaces.utils.transform:77) - PRE - Input Keys: ['device', 'model_filename', 'model', 'image', 'result_extension', 'result_dtype', 'client_id', 'session', 'description', 'save_label', 'image_path']
[2025-10-12 13:24:19,425] [72598] [MainThread] [INFO] (monailabel.interfaces.utils.transform:122) - PRE - Transform (LoadImageTensord): Time: 0.0426; image: torch.Size([240, 240, 155])(torch.float32)
[2025-10-12 13:24:19,474] [72598] [MainThread] [INFO] (monailabel.interfaces.utils.transform:122) - PRE - Transform (NormalizeIntensityd): Time: 0.0496; image: torch.Size([240, 240, 155])(torch.float32)
[2025-10-12 13:24:19,476] [72598] [MainThread] [INFO] (monailabel.tasks.infer.basic_infer:503) - Inferer:: cpu => SlidingWindowInferer => {'roi_size': [240, 240, 160], 'sw_batch_size': 1, 'overlap': 0.5, 'mode': constant, 'sigma_scale': 0.125, 'padding_mode': constant, 'cval': 0.0, 'sw_device': None, 'device': None, 'progress': False, 'cpu_thresh': None, 'buffer_steps': None, 'buffer_dim': -1, 'with_coord': False, 'roi_weight_map': None}
[2025-10-12 13:24:19,476] [72598] [MainThread] [INFO] (monailabel.tasks.infer.basic_infer:432) - Infer model path: /Users/hardikgujral/PHD/MonAi Server/monaibundle/model/brats_mri_segmentation/models/model.pt
[2025-10-12 13:24:19,476] [72598] [MainThread] [INFO] (monailabel.tasks.infer.basic_infer:440) - Using <User> provided model_file: /Users/hardikgujral/PHD/MonAi Server/monaibundle/model/brats_mri_segmentation/models/model.pt
[2025-10-12 13:28:25,004] [75033] [MainThread] [INFO] (monailabel.interfaces.utils.app:37) - Initializing App from: /Users/hardikgujral/PHD/MonAi Server/monaibundle; studies: /Users/hardikgujral/PHD/MonAi Server/monaibundle/Brats_Data; conf: {'models': 'brats_mri_segmentation'}
[2025-10-12 13:28:25,026] [75033] [MainThread] [INFO] (monailabel.utils.others.class_utils:57) - Subclass for MONAILabelApp Found: <class 'main.MyApp'>
[2025-10-12 13:28:27,184] [75033] [MainThread] [INFO] (monailabel.utils.others.generic:302) - +++ Adding Bundle from Local: brats_mri_segmentation => /Users/hardikgujral/PHD/MonAi Server/monaibundle/model/brats_mri_segmentation
[2025-10-12 13:28:27,185] [75033] [MainThread] [INFO] (monailabel.utils.others.generic:364) - +++ Using Bundle Models: ['brats_mri_segmentation']
[2025-10-12 13:28:27,185] [75033] [MainThread] [INFO] (monailabel.interfaces.app:135) - Init Datastore for: /Users/hardikgujral/PHD/MonAi Server/monaibundle/Brats_Data
[2025-10-12 13:28:27,186] [75033] [MainThread] [INFO] (monailabel.datastore.local:130) - Auto Reload: True; Extensions: ['*.nii.gz', '*.nii', '*.nrrd', '*.jpg', '*.png', '*.tif', '*.svs', '*.xml']
[2025-10-12 13:28:27,192] [75033] [MainThread] [INFO] (monailabel.datastore.local:577) - Invalidate count: 0
[2025-10-12 13:28:27,192] [75033] [MainThread] [INFO] (monailabel.datastore.local:151) - Start observing external modifications on datastore (AUTO RELOAD)
[2025-10-12 13:28:27,247] [75033] [MainThread] [INFO] (monailabel.tasks.infer.bundle:142) - Model: brats_mri_segmentation; Type: segmentation; Label: Tumor core => 0
[2025-10-12 13:28:27,247] [75033] [MainThread] [INFO] (monailabel.tasks.infer.bundle:142) - Model: brats_mri_segmentation; Type: segmentation; Label: Whole tumor => 1
[2025-10-12 13:28:27,248] [75033] [MainThread] [INFO] (monailabel.tasks.infer.bundle:142) - Model: brats_mri_segmentation; Type: segmentation; Label: Enhancing tumor => 2
[2025-10-12 13:28:27,251] [75033] [MainThread] [INFO] (main:77) - +++ Adding Inferer:: brats_mri_segmentation => <monailabel.tasks.infer.bundle.BundleInferTask object at 0x3019d9f60>
[2025-10-12 13:28:27,313] [75033] [MainThread] [INFO] (monailabel.sam2.infer:65) - Image Cache Initialized: /Users/hardikgujral/.cache/monailabel/sam2
[2025-10-12 13:28:27,313] [75033] [MainThread] [INFO] (timeloop:60) - Starting Timeloop..
[2025-10-12 13:28:27,313] [75033] [MainThread] [INFO] (timeloop:42) - Registered job <function ImageCache.monitor.<locals>.run_scheduler at 0x3021511b0>
[2025-10-12 13:28:27,313] [75033] [MainThread] [INFO] (timeloop:63) - Timeloop now started. Jobs will run based on the interval set
[2025-10-12 13:28:27,315] [75033] [MainThread] [INFO] (main:100) - +++ Adding Trainer:: brats_mri_segmentation => <monailabel.tasks.train.bundle.BundleTrainTask object at 0x301afb910>
[2025-10-12 13:28:27,315] [75033] [MainThread] [INFO] (main:110) - Active Learning Strategies:: ['random', 'first']
[2025-10-12 13:28:27,315] [75033] [MainThread] [INFO] (monailabel.utils.sessions:51) - Session Path: /Users/hardikgujral/.cache/monailabel/sessions
[2025-10-12 13:28:27,315] [75033] [MainThread] [INFO] (monailabel.utils.sessions:52) - Session Expiry (max): 3600
[2025-10-12 13:28:27,315] [75033] [MainThread] [INFO] (monailabel.interfaces.app:469) - App Init - completed
[2025-10-12 13:28:27,315] [75033] [MainThread] [INFO] (timeloop:60) - Starting Timeloop..
[2025-10-12 13:28:27,315] [75033] [MainThread] [INFO] (timeloop:42) - Registered job <function MONAILabelApp.on_init_complete.<locals>.run_scheduler at 0x3020f3130>
[2025-10-12 13:28:27,315] [75033] [MainThread] [INFO] (timeloop:63) - Timeloop now started. Jobs will run based on the interval set
[2025-10-12 13:28:37,305] [75033] [MainThread] [WARNING] (python_multipart.multipart:1401) - Skipping data after last boundary
[2025-10-12 13:28:37,315] [75033] [MainThread] [INFO] (monailabel.endpoints.infer:169) - Infer Request: {'model': 'brats_mri_segmentation', 'image': '/Users/hardikgujral/.cache/monailabel/sessions/150c9a2c-a73d-11f0-863a-623b4422def7/tmp3kmh34wt.nii.gz', 'device': 'cpu', 'model_filename': 'model.pt', 'result_extension': '.nrrd', 'result_dtype': 'uint8', 'client_id': 'user-xyz', 'session': {'name': '150c9a2c-a73d-11f0-863a-623b4422def7', 'path': '/Users/hardikgujral/.cache/monailabel/sessions/150c9a2c-a73d-11f0-863a-623b4422def7', 'image': '/Users/hardikgujral/.cache/monailabel/sessions/150c9a2c-a73d-11f0-863a-623b4422def7/tmp3kmh34wt.nii.gz', 'meta': {}, 'create_ts': 1760254123, 'last_access_ts': 1760255917, 'expiry': 3600}}
[2025-10-12 13:28:37,317] [75033] [MainThread] [INFO] (monailabel.tasks.infer.basic_infer:280) - Infer Request (final): {'device': 'cpu', 'model_filename': 'model.pt', 'model': 'brats_mri_segmentation', 'image': '/Users/hardikgujral/.cache/monailabel/sessions/150c9a2c-a73d-11f0-863a-623b4422def7/tmp3kmh34wt.nii.gz', 'result_extension': '.nrrd', 'result_dtype': 'uint8', 'client_id': 'user-xyz', 'session': {'name': '150c9a2c-a73d-11f0-863a-623b4422def7', 'path': '/Users/hardikgujral/.cache/monailabel/sessions/150c9a2c-a73d-11f0-863a-623b4422def7', 'image': '/Users/hardikgujral/.cache/monailabel/sessions/150c9a2c-a73d-11f0-863a-623b4422def7/tmp3kmh34wt.nii.gz', 'meta': {}, 'create_ts': 1760254123, 'last_access_ts': 1760255917, 'expiry': 3600}, 'description': '3D segmentation model for delineating brain tumor subregions from multimodal MRI scans (T1, T1c, T2, FLAIR). The model processes 4-channel input volumes with 1mm isotropic resolution and outputs 3-channel segmentation masks for tumor core (TC), whole tumor (WT), and enhancing tumor (ET).', 'save_label': False}
[2025-10-12 13:28:37,333] [75033] [MainThread] [INFO] (monailabel.interfaces.utils.transform:76) - PRE - Run Transform(s)
[2025-10-12 13:28:37,333] [75033] [MainThread] [INFO] (monailabel.interfaces.utils.transform:77) - PRE - Input Keys: ['device', 'model_filename', 'model', 'image', 'result_extension', 'result_dtype', 'client_id', 'session', 'description', 'save_label', 'image_path']
[2025-10-12 13:28:37,375] [75033] [MainThread] [INFO] (monailabel.interfaces.utils.transform:122) - PRE - Transform (LoadImageTensord): Time: 0.0415; image: torch.Size([240, 240, 155])(torch.float32)
[2025-10-12 13:28:37,425] [75033] [MainThread] [INFO] (monailabel.interfaces.utils.transform:122) - PRE - Transform (NormalizeIntensityd): Time: 0.0505; image: torch.Size([240, 240, 155])(torch.float32)
[2025-10-12 13:28:37,427] [75033] [MainThread] [INFO] (monailabel.tasks.infer.basic_infer:503) - Inferer:: cpu => SlidingWindowInferer => {'roi_size': [240, 240, 128], 'sw_batch_size': 1, 'overlap': 0.5, 'mode': constant, 'sigma_scale': 0.125, 'padding_mode': constant, 'cval': 0.0, 'sw_device': None, 'device': None, 'progress': False, 'cpu_thresh': None, 'buffer_steps': None, 'buffer_dim': -1, 'with_coord': False, 'roi_weight_map': None}
[2025-10-12 13:28:37,427] [75033] [MainThread] [INFO] (monailabel.tasks.infer.basic_infer:432) - Infer model path: /Users/hardikgujral/PHD/MonAi Server/monaibundle/model/brats_mri_segmentation/models/model.pt
[2025-10-12 13:28:37,427] [75033] [MainThread] [INFO] (monailabel.tasks.infer.basic_infer:440) - Using <User> provided model_file: /Users/hardikgujral/PHD/MonAi Server/monaibundle/model/brats_mri_segmentation/models/model.pt
[2025-10-12 13:33:17,635] [75297] [MainThread] [INFO] (monailabel.interfaces.utils.app:37) - Initializing App from: /Users/hardikgujral/PHD/MonAi Server/monaibundle; studies: /Users/hardikgujral/PHD/MonAi Server/monaibundle/Brats_Data; conf: {'models': 'brats_mri_segmentation'}
[2025-10-12 13:33:17,656] [75297] [MainThread] [INFO] (monailabel.utils.others.class_utils:57) - Subclass for MONAILabelApp Found: <class 'main.MyApp'>
[2025-10-12 13:33:19,715] [75297] [MainThread] [INFO] (monailabel.utils.others.generic:302) - +++ Adding Bundle from Local: brats_mri_segmentation => /Users/hardikgujral/PHD/MonAi Server/monaibundle/model/brats_mri_segmentation
[2025-10-12 13:33:19,715] [75297] [MainThread] [INFO] (monailabel.utils.others.generic:364) - +++ Using Bundle Models: ['brats_mri_segmentation']
[2025-10-12 13:33:19,716] [75297] [MainThread] [INFO] (monailabel.interfaces.app:135) - Init Datastore for: /Users/hardikgujral/PHD/MonAi Server/monaibundle/Brats_Data
[2025-10-12 13:33:19,717] [75297] [MainThread] [INFO] (monailabel.datastore.local:130) - Auto Reload: True; Extensions: ['*.nii.gz', '*.nii', '*.nrrd', '*.jpg', '*.png', '*.tif', '*.svs', '*.xml']
[2025-10-12 13:33:19,723] [75297] [MainThread] [INFO] (monailabel.datastore.local:577) - Invalidate count: 0
[2025-10-12 13:33:19,723] [75297] [MainThread] [INFO] (monailabel.datastore.local:151) - Start observing external modifications on datastore (AUTO RELOAD)
[2025-10-12 13:33:19,778] [75297] [MainThread] [INFO] (monailabel.tasks.infer.bundle:142) - Model: brats_mri_segmentation; Type: segmentation; Label: Tumor core => 0
[2025-10-12 13:33:19,779] [75297] [MainThread] [INFO] (monailabel.tasks.infer.bundle:142) - Model: brats_mri_segmentation; Type: segmentation; Label: Whole tumor => 1
[2025-10-12 13:33:19,779] [75297] [MainThread] [INFO] (monailabel.tasks.infer.bundle:142) - Model: brats_mri_segmentation; Type: segmentation; Label: Enhancing tumor => 2
[2025-10-12 13:33:19,782] [75297] [MainThread] [INFO] (main:77) - +++ Adding Inferer:: brats_mri_segmentation => <monailabel.tasks.infer.bundle.BundleInferTask object at 0x179c9f8b0>
[2025-10-12 13:33:19,844] [75297] [MainThread] [INFO] (monailabel.sam2.infer:65) - Image Cache Initialized: /Users/hardikgujral/.cache/monailabel/sam2
[2025-10-12 13:33:19,844] [75297] [MainThread] [INFO] (timeloop:60) - Starting Timeloop..
[2025-10-12 13:33:19,844] [75297] [MainThread] [INFO] (timeloop:42) - Registered job <function ImageCache.monitor.<locals>.run_scheduler at 0x17a4591b0>
[2025-10-12 13:33:19,844] [75297] [MainThread] [INFO] (timeloop:63) - Timeloop now started. Jobs will run based on the interval set
[2025-10-12 13:33:19,845] [75297] [MainThread] [INFO] (main:100) - +++ Adding Trainer:: brats_mri_segmentation => <monailabel.tasks.train.bundle.BundleTrainTask object at 0x179e792a0>
[2025-10-12 13:33:19,845] [75297] [MainThread] [INFO] (main:110) - Active Learning Strategies:: ['random', 'first']
[2025-10-12 13:33:19,845] [75297] [MainThread] [INFO] (monailabel.utils.sessions:51) - Session Path: /Users/hardikgujral/.cache/monailabel/sessions
[2025-10-12 13:33:19,845] [75297] [MainThread] [INFO] (monailabel.utils.sessions:52) - Session Expiry (max): 3600
[2025-10-12 13:33:19,845] [75297] [MainThread] [INFO] (monailabel.interfaces.app:469) - App Init - completed
[2025-10-12 13:33:19,846] [75297] [MainThread] [INFO] (timeloop:60) - Starting Timeloop..
[2025-10-12 13:33:19,846] [75297] [MainThread] [INFO] (timeloop:42) - Registered job <function MONAILabelApp.on_init_complete.<locals>.run_scheduler at 0x17a3fb130>
[2025-10-12 13:33:19,846] [75297] [MainThread] [INFO] (timeloop:63) - Timeloop now started. Jobs will run based on the interval set
[2025-10-12 13:33:29,177] [75297] [MainThread] [WARNING] (python_multipart.multipart:1401) - Skipping data after last boundary
[2025-10-12 13:33:29,187] [75297] [MainThread] [INFO] (monailabel.endpoints.infer:169) - Infer Request: {'model': 'brats_mri_segmentation', 'image': '/Users/hardikgujral/.cache/monailabel/sessions/150c9a2c-a73d-11f0-863a-623b4422def7/tmp3kmh34wt.nii.gz', 'device': 'cpu', 'model_filename': 'model.pt', 'result_extension': '.nrrd', 'result_dtype': 'uint8', 'client_id': 'user-xyz', 'session': {'name': '150c9a2c-a73d-11f0-863a-623b4422def7', 'path': '/Users/hardikgujral/.cache/monailabel/sessions/150c9a2c-a73d-11f0-863a-623b4422def7', 'image': '/Users/hardikgujral/.cache/monailabel/sessions/150c9a2c-a73d-11f0-863a-623b4422def7/tmp3kmh34wt.nii.gz', 'meta': {}, 'create_ts': 1760254123, 'last_access_ts': 1760256209, 'expiry': 3600}}
[2025-10-12 13:33:29,188] [75297] [MainThread] [INFO] (monailabel.tasks.infer.basic_infer:280) - Infer Request (final): {'device': 'cpu', 'model_filename': 'model.pt', 'model': 'brats_mri_segmentation', 'image': '/Users/hardikgujral/.cache/monailabel/sessions/150c9a2c-a73d-11f0-863a-623b4422def7/tmp3kmh34wt.nii.gz', 'result_extension': '.nrrd', 'result_dtype': 'uint8', 'client_id': 'user-xyz', 'session': {'name': '150c9a2c-a73d-11f0-863a-623b4422def7', 'path': '/Users/hardikgujral/.cache/monailabel/sessions/150c9a2c-a73d-11f0-863a-623b4422def7', 'image': '/Users/hardikgujral/.cache/monailabel/sessions/150c9a2c-a73d-11f0-863a-623b4422def7/tmp3kmh34wt.nii.gz', 'meta': {}, 'create_ts': 1760254123, 'last_access_ts': 1760256209, 'expiry': 3600}, 'description': '3D segmentation model for delineating brain tumor subregions from multimodal MRI scans (T1, T1c, T2, FLAIR). The model processes 4-channel input volumes with 1mm isotropic resolution and outputs 3-channel segmentation masks for tumor core (TC), whole tumor (WT), and enhancing tumor (ET).', 'save_label': False}
[2025-10-12 13:33:29,204] [75297] [MainThread] [INFO] (monailabel.interfaces.utils.transform:76) - PRE - Run Transform(s)
[2025-10-12 13:33:29,204] [75297] [MainThread] [INFO] (monailabel.interfaces.utils.transform:77) - PRE - Input Keys: ['device', 'model_filename', 'model', 'image', 'result_extension', 'result_dtype', 'client_id', 'session', 'description', 'save_label', 'image_path']
[2025-10-12 13:33:29,244] [75297] [MainThread] [INFO] (monailabel.interfaces.utils.transform:122) - PRE - Transform (LoadImageTensord): Time: 0.0402; image: torch.Size([240, 240, 155])(torch.float32)
[2025-10-12 13:33:29,298] [75297] [MainThread] [INFO] (monailabel.interfaces.utils.transform:122) - PRE - Transform (NormalizeIntensityd): Time: 0.053; image: torch.Size([240, 240, 155])(torch.float32)
[2025-10-12 13:33:29,299] [75297] [MainThread] [INFO] (monailabel.tasks.infer.basic_infer:503) - Inferer:: cpu => SlidingWindowInferer => {'roi_size': [128, 240, 240], 'sw_batch_size': 1, 'overlap': 0.5, 'mode': constant, 'sigma_scale': 0.125, 'padding_mode': constant, 'cval': 0.0, 'sw_device': None, 'device': None, 'progress': False, 'cpu_thresh': None, 'buffer_steps': None, 'buffer_dim': -1, 'with_coord': False, 'roi_weight_map': None}
[2025-10-12 13:33:29,299] [75297] [MainThread] [INFO] (monailabel.tasks.infer.basic_infer:432) - Infer model path: /Users/hardikgujral/PHD/MonAi Server/monaibundle/model/brats_mri_segmentation/models/model.pt
[2025-10-12 13:33:29,300] [75297] [MainThread] [INFO] (monailabel.tasks.infer.basic_infer:440) - Using <User> provided model_file: /Users/hardikgujral/PHD/MonAi Server/monaibundle/model/brats_mri_segmentation/models/model.pt
[2025-10-12 13:55:29,148] [75297] [Thread-4] [INFO] (monailabel.utils.sessions:68) - Removing expired; current ts: 1760257529
{"name": "5e97d644-a73c-11f0-863a-623b4422def7", "path": "/Users/hardikgujral/.cache/monailabel/sessions/5e97d644-a73c-11f0-863a-623b4422def7", "image": "/Users/hardikgujral/.cache/monailabel/sessions/5e97d644-a73c-11f0-863a-623b4422def7/tmpop444hc5.nii.gz", "meta": {}, "create_ts": 1760253817, "last_access_ts": 1760253817, "expiry": 3600}
[2025-10-12 13:58:31,204] [75815] [MainThread] [INFO] (monailabel.interfaces.utils.app:37) - Initializing App from: /Users/hardikgujral/PHD/MonAi Server/monaibundle; studies: /Users/hardikgujral/PHD/MonAi Server/monaibundle/Brats_Data; conf: {'models': 'brats_mri_segmentation'}
[2025-10-12 13:58:31,233] [75815] [MainThread] [INFO] (monailabel.utils.others.class_utils:57) - Subclass for MONAILabelApp Found: <class 'main.MyApp'>
[2025-10-12 13:58:33,355] [75815] [MainThread] [INFO] (monailabel.utils.others.generic:302) - +++ Adding Bundle from Local: brats_mri_segmentation => /Users/hardikgujral/PHD/MonAi Server/monaibundle/model/brats_mri_segmentation
[2025-10-12 13:58:33,356] [75815] [MainThread] [INFO] (monailabel.utils.others.generic:364) - +++ Using Bundle Models: ['brats_mri_segmentation']
[2025-10-12 13:58:33,356] [75815] [MainThread] [INFO] (monailabel.interfaces.app:135) - Init Datastore for: /Users/hardikgujral/PHD/MonAi Server/monaibundle/Brats_Data
[2025-10-12 13:58:33,356] [75815] [MainThread] [INFO] (monailabel.datastore.local:130) - Auto Reload: True; Extensions: ['*.nii.gz', '*.nii', '*.nrrd', '*.jpg', '*.png', '*.tif', '*.svs', '*.xml']
[2025-10-12 13:58:33,361] [75815] [MainThread] [INFO] (monailabel.datastore.local:577) - Invalidate count: 0
[2025-10-12 13:58:33,361] [75815] [MainThread] [INFO] (monailabel.datastore.local:151) - Start observing external modifications on datastore (AUTO RELOAD)
[2025-10-12 13:58:33,418] [75815] [MainThread] [INFO] (monailabel.tasks.infer.bundle:142) - Model: brats_mri_segmentation; Type: segmentation; Label: Tumor core => 0
[2025-10-12 13:58:33,418] [75815] [MainThread] [INFO] (monailabel.tasks.infer.bundle:142) - Model: brats_mri_segmentation; Type: segmentation; Label: Whole tumor => 1
[2025-10-12 13:58:33,418] [75815] [MainThread] [INFO] (monailabel.tasks.infer.bundle:142) - Model: brats_mri_segmentation; Type: segmentation; Label: Enhancing tumor => 2
[2025-10-12 13:58:33,422] [75815] [MainThread] [INFO] (main:77) - +++ Adding Inferer:: brats_mri_segmentation => <monailabel.tasks.infer.bundle.BundleInferTask object at 0x176aa2110>
[2025-10-12 13:58:33,490] [75815] [MainThread] [INFO] (monailabel.sam2.infer:65) - Image Cache Initialized: /Users/hardikgujral/.cache/monailabel/sam2
[2025-10-12 13:58:33,490] [75815] [MainThread] [INFO] (timeloop:60) - Starting Timeloop..
[2025-10-12 13:58:33,490] [75815] [MainThread] [INFO] (timeloop:42) - Registered job <function ImageCache.monitor.<locals>.run_scheduler at 0x1775f5000>
[2025-10-12 13:58:33,490] [75815] [MainThread] [INFO] (timeloop:63) - Timeloop now started. Jobs will run based on the interval set
[2025-10-12 13:58:33,491] [75815] [MainThread] [INFO] (main:100) - +++ Adding Trainer:: brats_mri_segmentation => <monailabel.tasks.train.bundle.BundleTrainTask object at 0x176e78fd0>
[2025-10-12 13:58:33,491] [75815] [MainThread] [INFO] (main:110) - Active Learning Strategies:: ['random', 'first']
[2025-10-12 13:58:33,491] [75815] [MainThread] [INFO] (monailabel.utils.sessions:51) - Session Path: /Users/hardikgujral/.cache/monailabel/sessions
[2025-10-12 13:58:33,491] [75815] [MainThread] [INFO] (monailabel.utils.sessions:52) - Session Expiry (max): 3600
[2025-10-12 13:58:33,491] [75815] [MainThread] [INFO] (monailabel.interfaces.app:469) - App Init - completed
[2025-10-12 13:58:33,492] [75815] [MainThread] [INFO] (timeloop:60) - Starting Timeloop..
[2025-10-12 13:58:33,492] [75815] [MainThread] [INFO] (timeloop:42) - Registered job <function MONAILabelApp.on_init_complete.<locals>.run_scheduler at 0x177596f80>
[2025-10-12 13:58:33,492] [75815] [MainThread] [INFO] (timeloop:63) - Timeloop now started. Jobs will run based on the interval set
[2025-10-12 13:58:41,455] [75815] [MainThread] [WARNING] (python_multipart.multipart:1401) - Skipping data after last boundary
[2025-10-12 13:58:41,464] [75815] [MainThread] [INFO] (monailabel.endpoints.infer:169) - Infer Request: {'model': 'brats_mri_segmentation', 'image': '/Users/hardikgujral/.cache/monailabel/sessions/150c9a2c-a73d-11f0-863a-623b4422def7/tmp3kmh34wt.nii.gz', 'device': 'cpu', 'model_filename': 'model.pt', 'result_extension': '.nrrd', 'result_dtype': 'uint8', 'client_id': 'user-xyz', 'session': {'name': '150c9a2c-a73d-11f0-863a-623b4422def7', 'path': '/Users/hardikgujral/.cache/monailabel/sessions/150c9a2c-a73d-11f0-863a-623b4422def7', 'image': '/Users/hardikgujral/.cache/monailabel/sessions/150c9a2c-a73d-11f0-863a-623b4422def7/tmp3kmh34wt.nii.gz', 'meta': {}, 'create_ts': 1760254123, 'last_access_ts': 1760257721, 'expiry': 3600}}
[2025-10-12 13:58:41,465] [75815] [MainThread] [INFO] (monailabel.tasks.infer.basic_infer:280) - Infer Request (final): {'device': 'cpu', 'model_filename': 'model.pt', 'model': 'brats_mri_segmentation', 'image': '/Users/hardikgujral/.cache/monailabel/sessions/150c9a2c-a73d-11f0-863a-623b4422def7/tmp3kmh34wt.nii.gz', 'result_extension': '.nrrd', 'result_dtype': 'uint8', 'client_id': 'user-xyz', 'session': {'name': '150c9a2c-a73d-11f0-863a-623b4422def7', 'path': '/Users/hardikgujral/.cache/monailabel/sessions/150c9a2c-a73d-11f0-863a-623b4422def7', 'image': '/Users/hardikgujral/.cache/monailabel/sessions/150c9a2c-a73d-11f0-863a-623b4422def7/tmp3kmh34wt.nii.gz', 'meta': {}, 'create_ts': 1760254123, 'last_access_ts': 1760257721, 'expiry': 3600}, 'description': '3D segmentation model for delineating brain tumor subregions from multimodal MRI scans (T1, T1c, T2, FLAIR). The model processes 4-channel input volumes with 1mm isotropic resolution and outputs 3-channel segmentation masks for tumor core (TC), whole tumor (WT), and enhancing tumor (ET).', 'save_label': False}
[2025-10-12 13:58:41,481] [75815] [MainThread] [INFO] (monailabel.interfaces.utils.transform:76) - PRE - Run Transform(s)
[2025-10-12 13:58:41,481] [75815] [MainThread] [INFO] (monailabel.interfaces.utils.transform:77) - PRE - Input Keys: ['device', 'model_filename', 'model', 'image', 'result_extension', 'result_dtype', 'client_id', 'session', 'description', 'save_label', 'image_path']
[2025-10-12 13:58:41,523] [75815] [MainThread] [INFO] (monailabel.interfaces.utils.transform:122) - PRE - Transform (LoadImageTensord): Time: 0.0414; image: torch.Size([240, 240, 155])(torch.float32)
[2025-10-12 13:58:41,574] [75815] [MainThread] [INFO] (monailabel.interfaces.utils.transform:122) - PRE - Transform (NormalizeIntensityd): Time: 0.0508; image: torch.Size([240, 240, 155])(torch.float32)
[2025-10-12 13:58:41,575] [75815] [MainThread] [INFO] (monailabel.tasks.infer.basic_infer:503) - Inferer:: cpu => SlidingWindowInferer => {'roi_size': [240, 240, 128], 'sw_batch_size': 1, 'overlap': 0.5, 'mode': constant, 'sigma_scale': 0.125, 'padding_mode': constant, 'cval': 0.0, 'sw_device': None, 'device': None, 'progress': False, 'cpu_thresh': None, 'buffer_steps': None, 'buffer_dim': -1, 'with_coord': False, 'roi_weight_map': None}
[2025-10-12 13:58:41,576] [75815] [MainThread] [INFO] (monailabel.tasks.infer.basic_infer:432) - Infer model path: /Users/hardikgujral/PHD/MonAi Server/monaibundle/model/brats_mri_segmentation/models/model.pt
[2025-10-12 13:58:41,576] [75815] [MainThread] [INFO] (monailabel.tasks.infer.basic_infer:440) - Using <User> provided model_file: /Users/hardikgujral/PHD/MonAi Server/monaibundle/model/brats_mri_segmentation/models/model.pt
[2025-10-12 13:59:49,732] [76130] [MainThread] [INFO] (monailabel.interfaces.utils.app:37) - Initializing App from: /Users/hardikgujral/PHD/MonAi Server/monaibundle; studies: /Users/hardikgujral/PHD/MonAi Server/monaibundle/Brats_Data; conf: {'models': 'brats_mri_segmentation'}
[2025-10-12 13:59:49,756] [76130] [MainThread] [INFO] (monailabel.utils.others.class_utils:57) - Subclass for MONAILabelApp Found: <class 'main.MyApp'>
[2025-10-12 13:59:51,474] [76130] [MainThread] [INFO] (monailabel.utils.others.generic:302) - +++ Adding Bundle from Local: brats_mri_segmentation => /Users/hardikgujral/PHD/MonAi Server/monaibundle/model/brats_mri_segmentation
[2025-10-12 13:59:51,474] [76130] [MainThread] [INFO] (monailabel.utils.others.generic:364) - +++ Using Bundle Models: ['brats_mri_segmentation']
[2025-10-12 13:59:51,475] [76130] [MainThread] [INFO] (monailabel.interfaces.app:135) - Init Datastore for: /Users/hardikgujral/PHD/MonAi Server/monaibundle/Brats_Data
[2025-10-12 13:59:51,476] [76130] [MainThread] [INFO] (monailabel.datastore.local:130) - Auto Reload: True; Extensions: ['*.nii.gz', '*.nii', '*.nrrd', '*.jpg', '*.png', '*.tif', '*.svs', '*.xml']
[2025-10-12 13:59:51,482] [76130] [MainThread] [INFO] (monailabel.datastore.local:577) - Invalidate count: 0
[2025-10-12 13:59:51,482] [76130] [MainThread] [INFO] (monailabel.datastore.local:151) - Start observing external modifications on datastore (AUTO RELOAD)
[2025-10-12 13:59:51,538] [76130] [MainThread] [INFO] (monailabel.tasks.infer.bundle:142) - Model: brats_mri_segmentation; Type: segmentation; Label: Tumor core => 0
[2025-10-12 13:59:51,538] [76130] [MainThread] [INFO] (monailabel.tasks.infer.bundle:142) - Model: brats_mri_segmentation; Type: segmentation; Label: Whole tumor => 1
[2025-10-12 13:59:51,538] [76130] [MainThread] [INFO] (monailabel.tasks.infer.bundle:142) - Model: brats_mri_segmentation; Type: segmentation; Label: Enhancing tumor => 2
[2025-10-12 13:59:51,541] [76130] [MainThread] [INFO] (main:77) - +++ Adding Inferer:: brats_mri_segmentation => <monailabel.tasks.infer.bundle.BundleInferTask object at 0x300384820>
[2025-10-12 13:59:51,603] [76130] [MainThread] [INFO] (monailabel.sam2.infer:65) - Image Cache Initialized: /Users/hardikgujral/.cache/monailabel/sam2
[2025-10-12 13:59:51,603] [76130] [MainThread] [INFO] (timeloop:60) - Starting Timeloop..
[2025-10-12 13:59:51,603] [76130] [MainThread] [INFO] (timeloop:42) - Registered job <function ImageCache.monitor.<locals>.run_scheduler at 0x300ac91b0>
[2025-10-12 13:59:51,603] [76130] [MainThread] [INFO] (timeloop:63) - Timeloop now started. Jobs will run based on the interval set
[2025-10-12 13:59:51,604] [76130] [MainThread] [INFO] (main:100) - +++ Adding Trainer:: brats_mri_segmentation => <monailabel.tasks.train.bundle.BundleTrainTask object at 0x30047d7e0>
[2025-10-12 13:59:51,604] [76130] [MainThread] [INFO] (main:110) - Active Learning Strategies:: ['random', 'first']
[2025-10-12 13:59:51,604] [76130] [MainThread] [INFO] (monailabel.utils.sessions:51) - Session Path: /Users/hardikgujral/.cache/monailabel/sessions
[2025-10-12 13:59:51,605] [76130] [MainThread] [INFO] (monailabel.utils.sessions:52) - Session Expiry (max): 3600
[2025-10-12 13:59:51,605] [76130] [MainThread] [INFO] (monailabel.interfaces.app:469) - App Init - completed
[2025-10-12 13:59:51,605] [76130] [MainThread] [INFO] (timeloop:60) - Starting Timeloop..
[2025-10-12 13:59:51,605] [76130] [MainThread] [INFO] (timeloop:42) - Registered job <function MONAILabelApp.on_init_complete.<locals>.run_scheduler at 0x300a63130>
[2025-10-12 13:59:51,605] [76130] [MainThread] [INFO] (timeloop:63) - Timeloop now started. Jobs will run based on the interval set
[2025-10-12 14:00:16,300] [76467] [MainThread] [INFO] (monailabel.interfaces.utils.app:37) - Initializing App from: /Users/hardikgujral/PHD/MonAi Server/monaibundle; studies: /Users/hardikgujral/PHD/MonAi Server/monaibundle/Brats_Data; conf: {'models': 'brats_mri_segmentation'}
[2025-10-12 14:00:16,328] [76467] [MainThread] [INFO] (monailabel.utils.others.class_utils:57) - Subclass for MONAILabelApp Found: <class 'main.MyApp'>
[2025-10-12 14:00:18,139] [76467] [MainThread] [INFO] (monailabel.utils.others.generic:302) - +++ Adding Bundle from Local: brats_mri_segmentation => /Users/hardikgujral/PHD/MonAi Server/monaibundle/model/brats_mri_segmentation
[2025-10-12 14:00:18,139] [76467] [MainThread] [INFO] (monailabel.utils.others.generic:364) - +++ Using Bundle Models: ['brats_mri_segmentation']
[2025-10-12 14:00:18,139] [76467] [MainThread] [INFO] (monailabel.interfaces.app:135) - Init Datastore for: /Users/hardikgujral/PHD/MonAi Server/monaibundle/Brats_Data
[2025-10-12 14:00:18,140] [76467] [MainThread] [INFO] (monailabel.datastore.local:130) - Auto Reload: True; Extensions: ['*.nii.gz', '*.nii', '*.nrrd', '*.jpg', '*.png', '*.tif', '*.svs', '*.xml']
[2025-10-12 14:00:18,144] [76467] [MainThread] [INFO] (monailabel.datastore.local:577) - Invalidate count: 0
[2025-10-12 14:00:18,144] [76467] [MainThread] [INFO] (monailabel.datastore.local:151) - Start observing external modifications on datastore (AUTO RELOAD)
[2025-10-12 14:00:18,194] [76467] [MainThread] [INFO] (monailabel.tasks.infer.bundle:142) - Model: brats_mri_segmentation; Type: segmentation; Label: Tumor core => 0
[2025-10-12 14:00:18,194] [76467] [MainThread] [INFO] (monailabel.tasks.infer.bundle:142) - Model: brats_mri_segmentation; Type: segmentation; Label: Whole tumor => 1
[2025-10-12 14:00:18,194] [76467] [MainThread] [INFO] (monailabel.tasks.infer.bundle:142) - Model: brats_mri_segmentation; Type: segmentation; Label: Enhancing tumor => 2
[2025-10-12 14:00:18,197] [76467] [MainThread] [INFO] (main:77) - +++ Adding Inferer:: brats_mri_segmentation => <monailabel.tasks.infer.bundle.BundleInferTask object at 0x305c9ff40>
[2025-10-12 14:00:18,270] [76467] [MainThread] [INFO] (monailabel.sam2.infer:65) - Image Cache Initialized: /Users/hardikgujral/.cache/monailabel/sam2
[2025-10-12 14:00:18,270] [76467] [MainThread] [INFO] (timeloop:60) - Starting Timeloop..
[2025-10-12 14:00:18,271] [76467] [MainThread] [INFO] (timeloop:42) - Registered job <function ImageCache.monitor.<locals>.run_scheduler at 0x3084f51b0>
[2025-10-12 14:00:18,271] [76467] [MainThread] [INFO] (timeloop:63) - Timeloop now started. Jobs will run based on the interval set
[2025-10-12 14:00:18,272] [76467] [MainThread] [INFO] (main:100) - +++ Adding Trainer:: brats_mri_segmentation => <monailabel.tasks.train.bundle.BundleTrainTask object at 0x305d59000>
[2025-10-12 14:00:18,272] [76467] [MainThread] [INFO] (main:110) - Active Learning Strategies:: ['random', 'first']
[2025-10-12 14:00:18,272] [76467] [MainThread] [INFO] (monailabel.utils.sessions:51) - Session Path: /Users/hardikgujral/.cache/monailabel/sessions
[2025-10-12 14:00:18,272] [76467] [MainThread] [INFO] (monailabel.utils.sessions:52) - Session Expiry (max): 3600
[2025-10-12 14:00:18,272] [76467] [MainThread] [INFO] (monailabel.interfaces.app:469) - App Init - completed
[2025-10-12 14:00:18,272] [76467] [MainThread] [INFO] (timeloop:60) - Starting Timeloop..
[2025-10-12 14:00:18,272] [76467] [MainThread] [INFO] (timeloop:42) - Registered job <function MONAILabelApp.on_init_complete.<locals>.run_scheduler at 0x30848f130>
[2025-10-12 14:00:18,272] [76467] [MainThread] [INFO] (timeloop:63) - Timeloop now started. Jobs will run based on the interval set
[2025-10-12 14:00:21,087] [76467] [MainThread] [WARNING] (python_multipart.multipart:1401) - Skipping data after last boundary
[2025-10-12 14:00:21,096] [76467] [MainThread] [INFO] (monailabel.endpoints.infer:169) - Infer Request: {'model': 'brats_mri_segmentation', 'image': '/Users/hardikgujral/.cache/monailabel/sessions/150c9a2c-a73d-11f0-863a-623b4422def7/tmp3kmh34wt.nii.gz', 'device': 'cpu', 'model_filename': 'model.pt', 'result_extension': '.nrrd', 'result_dtype': 'uint8', 'client_id': 'user-xyz', 'session': {'name': '150c9a2c-a73d-11f0-863a-623b4422def7', 'path': '/Users/hardikgujral/.cache/monailabel/sessions/150c9a2c-a73d-11f0-863a-623b4422def7', 'image': '/Users/hardikgujral/.cache/monailabel/sessions/150c9a2c-a73d-11f0-863a-623b4422def7/tmp3kmh34wt.nii.gz', 'meta': {}, 'create_ts': 1760254123, 'last_access_ts': 1760257821, 'expiry': 3600}}
[2025-10-12 14:00:21,096] [76467] [MainThread] [INFO] (monailabel.tasks.infer.basic_infer:280) - Infer Request (final): {'device': 'cpu', 'model_filename': 'model.pt', 'model': 'brats_mri_segmentation', 'image': '/Users/hardikgujral/.cache/monailabel/sessions/150c9a2c-a73d-11f0-863a-623b4422def7/tmp3kmh34wt.nii.gz', 'result_extension': '.nrrd', 'result_dtype': 'uint8', 'client_id': 'user-xyz', 'session': {'name': '150c9a2c-a73d-11f0-863a-623b4422def7', 'path': '/Users/hardikgujral/.cache/monailabel/sessions/150c9a2c-a73d-11f0-863a-623b4422def7', 'image': '/Users/hardikgujral/.cache/monailabel/sessions/150c9a2c-a73d-11f0-863a-623b4422def7/tmp3kmh34wt.nii.gz', 'meta': {}, 'create_ts': 1760254123, 'last_access_ts': 1760257821, 'expiry': 3600}, 'description': '3D segmentation model for delineating brain tumor subregions from multimodal MRI scans (T1, T1c, T2, FLAIR). The model processes 4-channel input volumes with 1mm isotropic resolution and outputs 3-channel segmentation masks for tumor core (TC), whole tumor (WT), and enhancing tumor (ET).', 'save_label': False}
[2025-10-12 14:00:21,111] [76467] [MainThread] [INFO] (monailabel.interfaces.utils.transform:76) - PRE - Run Transform(s)
[2025-10-12 14:00:21,111] [76467] [MainThread] [INFO] (monailabel.interfaces.utils.transform:77) - PRE - Input Keys: ['device', 'model_filename', 'model', 'image', 'result_extension', 'result_dtype', 'client_id', 'session', 'description', 'save_label', 'image_path']
[2025-10-12 14:00:21,153] [76467] [MainThread] [INFO] (monailabel.interfaces.utils.transform:122) - PRE - Transform (LoadImageTensord): Time: 0.0419; image: torch.Size([240, 240, 155])(torch.float32)
[2025-10-12 14:00:21,207] [76467] [MainThread] [INFO] (monailabel.interfaces.utils.transform:122) - PRE - Transform (NormalizeIntensityd): Time: 0.0529; image: torch.Size([240, 240, 155])(torch.float32)
[2025-10-12 14:00:21,208] [76467] [MainThread] [INFO] (monailabel.tasks.infer.basic_infer:503) - Inferer:: cpu => SlidingWindowInferer => {'roi_size': [240, 240, 128], 'sw_batch_size': 1, 'overlap': 0.5, 'mode': constant, 'sigma_scale': 0.125, 'padding_mode': constant, 'cval': 0.0, 'sw_device': None, 'device': None, 'progress': False, 'cpu_thresh': None, 'buffer_steps': None, 'buffer_dim': -1, 'with_coord': False, 'roi_weight_map': None}
[2025-10-12 14:00:21,208] [76467] [MainThread] [INFO] (monailabel.tasks.infer.basic_infer:432) - Infer model path: /Users/hardikgujral/PHD/MonAi Server/monaibundle/model/brats_mri_segmentation/models/model.pt
[2025-10-12 14:00:21,209] [76467] [MainThread] [INFO] (monailabel.tasks.infer.basic_infer:440) - Using <User> provided model_file: /Users/hardikgujral/PHD/MonAi Server/monaibundle/model/brats_mri_segmentation/models/model.pt
[2025-10-12 14:02:43,418] [76887] [MainThread] [INFO] (monailabel.interfaces.utils.app:37) - Initializing App from: /Users/hardikgujral/PHD/MonAi Server/monaibundle; studies: /Users/hardikgujral/PHD/MonAi Server/monaibundle/Brats_Data; conf: {'models': 'brats_mri_segmentation'}
[2025-10-12 14:02:43,440] [76887] [MainThread] [INFO] (monailabel.utils.others.class_utils:57) - Subclass for MONAILabelApp Found: <class 'main.MyApp'>
[2025-10-12 14:02:45,488] [76887] [MainThread] [INFO] (monailabel.utils.others.generic:302) - +++ Adding Bundle from Local: brats_mri_segmentation => /Users/hardikgujral/PHD/MonAi Server/monaibundle/model/brats_mri_segmentation
[2025-10-12 14:02:45,488] [76887] [MainThread] [INFO] (monailabel.utils.others.generic:364) - +++ Using Bundle Models: ['brats_mri_segmentation']
[2025-10-12 14:02:45,488] [76887] [MainThread] [INFO] (monailabel.interfaces.app:135) - Init Datastore for: /Users/hardikgujral/PHD/MonAi Server/monaibundle/Brats_Data
[2025-10-12 14:02:45,489] [76887] [MainThread] [INFO] (monailabel.datastore.local:130) - Auto Reload: True; Extensions: ['*.nii.gz', '*.nii', '*.nrrd', '*.jpg', '*.png', '*.tif', '*.svs', '*.xml']
[2025-10-12 14:02:45,495] [76887] [MainThread] [INFO] (monailabel.datastore.local:577) - Invalidate count: 0
[2025-10-12 14:02:45,496] [76887] [MainThread] [INFO] (monailabel.datastore.local:151) - Start observing external modifications on datastore (AUTO RELOAD)
[2025-10-12 14:02:45,550] [76887] [MainThread] [INFO] (monailabel.tasks.infer.bundle:142) - Model: brats_mri_segmentation; Type: segmentation; Label: Tumor core => 0
[2025-10-12 14:02:45,551] [76887] [MainThread] [INFO] (monailabel.tasks.infer.bundle:142) - Model: brats_mri_segmentation; Type: segmentation; Label: Whole tumor => 1
[2025-10-12 14:02:45,551] [76887] [MainThread] [INFO] (monailabel.tasks.infer.bundle:142) - Model: brats_mri_segmentation; Type: segmentation; Label: Enhancing tumor => 2
[2025-10-12 14:02:45,554] [76887] [MainThread] [INFO] (main:77) - +++ Adding Inferer:: brats_mri_segmentation => <monailabel.tasks.infer.bundle.BundleInferTask object at 0x3009cf8e0>
[2025-10-12 14:02:45,615] [76887] [MainThread] [INFO] (monailabel.sam2.infer:65) - Image Cache Initialized: /Users/hardikgujral/.cache/monailabel/sam2
[2025-10-12 14:02:45,615] [76887] [MainThread] [INFO] (timeloop:60) - Starting Timeloop..
[2025-10-12 14:02:45,615] [76887] [MainThread] [INFO] (timeloop:42) - Registered job <function ImageCache.monitor.<locals>.run_scheduler at 0x306025240>
[2025-10-12 14:02:45,615] [76887] [MainThread] [INFO] (timeloop:63) - Timeloop now started. Jobs will run based on the interval set
[2025-10-12 14:02:45,616] [76887] [MainThread] [INFO] (main:100) - +++ Adding Trainer:: brats_mri_segmentation => <monailabel.tasks.train.bundle.BundleTrainTask object at 0x300c6d2d0>
[2025-10-12 14:02:45,616] [76887] [MainThread] [INFO] (main:110) - Active Learning Strategies:: ['random', 'first']
[2025-10-12 14:02:45,616] [76887] [MainThread] [INFO] (monailabel.utils.sessions:51) - Session Path: /Users/hardikgujral/.cache/monailabel/sessions
[2025-10-12 14:02:45,616] [76887] [MainThread] [INFO] (monailabel.utils.sessions:52) - Session Expiry (max): 3600
[2025-10-12 14:02:45,617] [76887] [MainThread] [INFO] (monailabel.interfaces.app:469) - App Init - completed
[2025-10-12 14:02:45,617] [76887] [MainThread] [INFO] (timeloop:60) - Starting Timeloop..
[2025-10-12 14:02:45,617] [76887] [MainThread] [INFO] (timeloop:42) - Registered job <function MONAILabelApp.on_init_complete.<locals>.run_scheduler at 0x300fa71c0>
[2025-10-12 14:02:45,617] [76887] [MainThread] [INFO] (timeloop:63) - Timeloop now started. Jobs will run based on the interval set
[2025-10-12 14:02:50,651] [76887] [MainThread] [WARNING] (python_multipart.multipart:1401) - Skipping data after last boundary
[2025-10-12 14:02:50,662] [76887] [MainThread] [INFO] (monailabel.endpoints.infer:169) - Infer Request: {'model': 'brats_mri_segmentation', 'image': '/Users/hardikgujral/.cache/monailabel/sessions/150c9a2c-a73d-11f0-863a-623b4422def7/tmp3kmh34wt.nii.gz', 'device': 'cpu', 'model_filename': 'model.pt', 'result_extension': '.nrrd', 'result_dtype': 'uint8', 'client_id': 'user-xyz', 'session': {'name': '150c9a2c-a73d-11f0-863a-623b4422def7', 'path': '/Users/hardikgujral/.cache/monailabel/sessions/150c9a2c-a73d-11f0-863a-623b4422def7', 'image': '/Users/hardikgujral/.cache/monailabel/sessions/150c9a2c-a73d-11f0-863a-623b4422def7/tmp3kmh34wt.nii.gz', 'meta': {}, 'create_ts': 1760254123, 'last_access_ts': 1760257970, 'expiry': 3600}}
[2025-10-12 14:02:50,663] [76887] [MainThread] [INFO] (monailabel.tasks.infer.basic_infer:280) - Infer Request (final): {'device': 'cpu', 'model_filename': 'model.pt', 'model': 'brats_mri_segmentation', 'image': '/Users/hardikgujral/.cache/monailabel/sessions/150c9a2c-a73d-11f0-863a-623b4422def7/tmp3kmh34wt.nii.gz', 'result_extension': '.nrrd', 'result_dtype': 'uint8', 'client_id': 'user-xyz', 'session': {'name': '150c9a2c-a73d-11f0-863a-623b4422def7', 'path': '/Users/hardikgujral/.cache/monailabel/sessions/150c9a2c-a73d-11f0-863a-623b4422def7', 'image': '/Users/hardikgujral/.cache/monailabel/sessions/150c9a2c-a73d-11f0-863a-623b4422def7/tmp3kmh34wt.nii.gz', 'meta': {}, 'create_ts': 1760254123, 'last_access_ts': 1760257970, 'expiry': 3600}, 'description': '3D segmentation model for delineating brain tumor subregions from multimodal MRI scans (T1, T1c, T2, FLAIR). The model processes 4-channel input volumes with 1mm isotropic resolution and outputs 3-channel segmentation masks for tumor core (TC), whole tumor (WT), and enhancing tumor (ET).', 'save_label': False}
[2025-10-12 14:02:50,679] [76887] [MainThread] [INFO] (monailabel.interfaces.utils.transform:76) - PRE - Run Transform(s)
[2025-10-12 14:02:50,679] [76887] [MainThread] [INFO] (monailabel.interfaces.utils.transform:77) - PRE - Input Keys: ['device', 'model_filename', 'model', 'image', 'result_extension', 'result_dtype', 'client_id', 'session', 'description', 'save_label', 'image_path']
[2025-10-12 14:02:50,721] [76887] [MainThread] [INFO] (monailabel.interfaces.utils.transform:122) - PRE - Transform (LoadImageTensord): Time: 0.0416; image: torch.Size([240, 240, 155])(torch.float32)
[2025-10-12 14:02:50,772] [76887] [MainThread] [INFO] (monailabel.interfaces.utils.transform:122) - PRE - Transform (NormalizeIntensityd): Time: 0.0507; image: torch.Size([240, 240, 155])(torch.float32)
[2025-10-12 14:02:50,772] [76887] [MainThread] [INFO] (monailabel.tasks.infer.basic_infer:501) - DEBUG input type: <class 'monai.data.meta_tensor.MetaTensor'>
[2025-10-12 14:02:50,772] [76887] [MainThread] [INFO] (monailabel.tasks.infer.basic_infer:502) - DEBUG input shape: torch.Size([240, 240, 155])
[2025-10-12 14:02:50,772] [76887] [MainThread] [INFO] (monailabel.tasks.infer.basic_infer:503) - DEBUG input dtype: torch.float32
[2025-10-12 14:02:50,778] [76887] [MainThread] [INFO] (monailabel.tasks.infer.basic_infer:504) - DEBUG input min/max: -5.134966850280762/10.08103084564209
[2025-10-12 14:02:50,779] [76887] [MainThread] [INFO] (monailabel.tasks.infer.basic_infer:506) - Inferer:: cpu => SlidingWindowInferer => {'roi_size': [240, 240, 128], 'sw_batch_size': 1, 'overlap': 0.5, 'mode': constant, 'sigma_scale': 0.125, 'padding_mode': constant, 'cval': 0.0, 'sw_device': None, 'device': None, 'progress': False, 'cpu_thresh': None, 'buffer_steps': None, 'buffer_dim': -1, 'with_coord': False, 'roi_weight_map': None}
[2025-10-12 14:02:50,779] [76887] [MainThread] [INFO] (monailabel.tasks.infer.basic_infer:432) - Infer model path: /Users/hardikgujral/PHD/MonAi Server/monaibundle/model/brats_mri_segmentation/models/model.pt
[2025-10-12 14:02:50,780] [76887] [MainThread] [INFO] (monailabel.tasks.infer.basic_infer:440) - Using <User> provided model_file: /Users/hardikgujral/PHD/MonAi Server/monaibundle/model/brats_mri_segmentation/models/model.pt
[2025-10-12 14:04:33,467] [77135] [MainThread] [INFO] (monailabel.interfaces.utils.app:37) - Initializing App from: /Users/hardikgujral/PHD/MonAi Server/monaibundle; studies: /Users/hardikgujral/PHD/MonAi Server/monaibundle/Brats_Data; conf: {'models': 'brats_mri_segmentation'}
[2025-10-12 14:04:33,489] [77135] [MainThread] [INFO] (monailabel.utils.others.class_utils:57) - Subclass for MONAILabelApp Found: <class 'main.MyApp'>
[2025-10-12 14:04:35,672] [77135] [MainThread] [INFO] (monailabel.utils.others.generic:302) - +++ Adding Bundle from Local: brats_mri_segmentation => /Users/hardikgujral/PHD/MonAi Server/monaibundle/model/brats_mri_segmentation
[2025-10-12 14:04:35,673] [77135] [MainThread] [INFO] (monailabel.utils.others.generic:364) - +++ Using Bundle Models: ['brats_mri_segmentation']
[2025-10-12 14:04:35,673] [77135] [MainThread] [INFO] (monailabel.interfaces.app:135) - Init Datastore for: /Users/hardikgujral/PHD/MonAi Server/monaibundle/Brats_Data
[2025-10-12 14:04:35,674] [77135] [MainThread] [INFO] (monailabel.datastore.local:130) - Auto Reload: True; Extensions: ['*.nii.gz', '*.nii', '*.nrrd', '*.jpg', '*.png', '*.tif', '*.svs', '*.xml']
[2025-10-12 14:04:35,679] [77135] [MainThread] [INFO] (monailabel.datastore.local:577) - Invalidate count: 0
[2025-10-12 14:04:35,679] [77135] [MainThread] [INFO] (monailabel.datastore.local:151) - Start observing external modifications on datastore (AUTO RELOAD)
[2025-10-12 14:04:35,737] [77135] [MainThread] [INFO] (monailabel.tasks.infer.bundle:142) - Model: brats_mri_segmentation; Type: segmentation; Label: Tumor core => 0
[2025-10-12 14:04:35,737] [77135] [MainThread] [INFO] (monailabel.tasks.infer.bundle:142) - Model: brats_mri_segmentation; Type: segmentation; Label: Whole tumor => 1
[2025-10-12 14:04:35,737] [77135] [MainThread] [INFO] (monailabel.tasks.infer.bundle:142) - Model: brats_mri_segmentation; Type: segmentation; Label: Enhancing tumor => 2
[2025-10-12 14:04:35,740] [77135] [MainThread] [INFO] (main:77) - +++ Adding Inferer:: brats_mri_segmentation => <monailabel.tasks.infer.bundle.BundleInferTask object at 0x15fb9fa60>
[2025-10-12 14:04:35,806] [77135] [MainThread] [INFO] (monailabel.sam2.infer:65) - Image Cache Initialized: /Users/hardikgujral/.cache/monailabel/sam2
[2025-10-12 14:04:35,806] [77135] [MainThread] [INFO] (timeloop:60) - Starting Timeloop..
[2025-10-12 14:04:35,807] [77135] [MainThread] [INFO] (timeloop:42) - Registered job <function ImageCache.monitor.<locals>.run_scheduler at 0x15fff5000>
[2025-10-12 14:04:35,807] [77135] [MainThread] [INFO] (timeloop:63) - Timeloop now started. Jobs will run based on the interval set
[2025-10-12 14:04:35,808] [77135] [MainThread] [INFO] (main:100) - +++ Adding Trainer:: brats_mri_segmentation => <monailabel.tasks.train.bundle.BundleTrainTask object at 0x15fc5cfa0>
[2025-10-12 14:04:35,808] [77135] [MainThread] [INFO] (main:110) - Active Learning Strategies:: ['random', 'first']
[2025-10-12 14:04:35,808] [77135] [MainThread] [INFO] (monailabel.utils.sessions:51) - Session Path: /Users/hardikgujral/.cache/monailabel/sessions
[2025-10-12 14:04:35,808] [77135] [MainThread] [INFO] (monailabel.utils.sessions:52) - Session Expiry (max): 3600
[2025-10-12 14:04:35,808] [77135] [MainThread] [INFO] (monailabel.interfaces.app:469) - App Init - completed
[2025-10-12 14:04:35,808] [77135] [MainThread] [INFO] (timeloop:60) - Starting Timeloop..
[2025-10-12 14:04:35,808] [77135] [MainThread] [INFO] (timeloop:42) - Registered job <function MONAILabelApp.on_init_complete.<locals>.run_scheduler at 0x15ff96f80>
[2025-10-12 14:04:35,808] [77135] [MainThread] [INFO] (timeloop:63) - Timeloop now started. Jobs will run based on the interval set
[2025-10-12 14:04:45,921] [77135] [MainThread] [WARNING] (python_multipart.multipart:1401) - Skipping data after last boundary
[2025-10-12 14:04:45,929] [77135] [MainThread] [INFO] (monailabel.endpoints.infer:169) - Infer Request: {'model': 'brats_mri_segmentation', 'image': '/Users/hardikgujral/.cache/monailabel/sessions/150c9a2c-a73d-11f0-863a-623b4422def7/tmp3kmh34wt.nii.gz', 'device': 'cpu', 'model_filename': 'model.pt', 'result_extension': '.nrrd', 'result_dtype': 'uint8', 'client_id': 'user-xyz', 'session': {'name': '150c9a2c-a73d-11f0-863a-623b4422def7', 'path': '/Users/hardikgujral/.cache/monailabel/sessions/150c9a2c-a73d-11f0-863a-623b4422def7', 'image': '/Users/hardikgujral/.cache/monailabel/sessions/150c9a2c-a73d-11f0-863a-623b4422def7/tmp3kmh34wt.nii.gz', 'meta': {}, 'create_ts': 1760254123, 'last_access_ts': 1760258085, 'expiry': 3600}}
[2025-10-12 14:04:45,930] [77135] [MainThread] [INFO] (monailabel.tasks.infer.basic_infer:280) - Infer Request (final): {'device': 'cpu', 'model_filename': 'model.pt', 'model': 'brats_mri_segmentation', 'image': '/Users/hardikgujral/.cache/monailabel/sessions/150c9a2c-a73d-11f0-863a-623b4422def7/tmp3kmh34wt.nii.gz', 'result_extension': '.nrrd', 'result_dtype': 'uint8', 'client_id': 'user-xyz', 'session': {'name': '150c9a2c-a73d-11f0-863a-623b4422def7', 'path': '/Users/hardikgujral/.cache/monailabel/sessions/150c9a2c-a73d-11f0-863a-623b4422def7', 'image': '/Users/hardikgujral/.cache/monailabel/sessions/150c9a2c-a73d-11f0-863a-623b4422def7/tmp3kmh34wt.nii.gz', 'meta': {}, 'create_ts': 1760254123, 'last_access_ts': 1760258085, 'expiry': 3600}, 'description': '3D segmentation model for delineating brain tumor subregions from multimodal MRI scans (T1, T1c, T2, FLAIR). The model processes 4-channel input volumes with 1mm isotropic resolution and outputs 3-channel segmentation masks for tumor core (TC), whole tumor (WT), and enhancing tumor (ET).', 'save_label': False}
[2025-10-12 14:06:00,306] [77392] [MainThread] [INFO] (monailabel.interfaces.utils.app:37) - Initializing App from: /Users/hardikgujral/PHD/MonAi Server/monaibundle; studies: /Users/hardikgujral/PHD/MonAi Server/monaibundle/Brats_Data; conf: {'models': 'brats_mri_segmentation'}
[2025-10-12 14:06:00,328] [77392] [MainThread] [INFO] (monailabel.utils.others.class_utils:57) - Subclass for MONAILabelApp Found: <class 'main.MyApp'>
[2025-10-12 14:06:02,207] [77392] [MainThread] [INFO] (monailabel.utils.others.generic:302) - +++ Adding Bundle from Local: brats_mri_segmentation => /Users/hardikgujral/PHD/MonAi Server/monaibundle/model/brats_mri_segmentation
[2025-10-12 14:06:02,207] [77392] [MainThread] [INFO] (monailabel.utils.others.generic:364) - +++ Using Bundle Models: ['brats_mri_segmentation']
[2025-10-12 14:06:02,208] [77392] [MainThread] [INFO] (monailabel.interfaces.app:135) - Init Datastore for: /Users/hardikgujral/PHD/MonAi Server/monaibundle/Brats_Data
[2025-10-12 14:06:02,209] [77392] [MainThread] [INFO] (monailabel.datastore.local:130) - Auto Reload: True; Extensions: ['*.nii.gz', '*.nii', '*.nrrd', '*.jpg', '*.png', '*.tif', '*.svs', '*.xml']
[2025-10-12 14:06:02,216] [77392] [MainThread] [INFO] (monailabel.datastore.local:577) - Invalidate count: 0
[2025-10-12 14:06:02,217] [77392] [MainThread] [INFO] (monailabel.datastore.local:151) - Start observing external modifications on datastore (AUTO RELOAD)
[2025-10-12 14:06:02,274] [77392] [MainThread] [INFO] (monailabel.tasks.infer.bundle:142) - Model: brats_mri_segmentation; Type: segmentation; Label: Tumor core => 0
[2025-10-12 14:06:02,274] [77392] [MainThread] [INFO] (monailabel.tasks.infer.bundle:142) - Model: brats_mri_segmentation; Type: segmentation; Label: Whole tumor => 1
[2025-10-12 14:06:02,274] [77392] [MainThread] [INFO] (monailabel.tasks.infer.bundle:142) - Model: brats_mri_segmentation; Type: segmentation; Label: Enhancing tumor => 2
[2025-10-12 14:06:02,277] [77392] [MainThread] [INFO] (main:77) - +++ Adding Inferer:: brats_mri_segmentation => <monailabel.tasks.infer.bundle.BundleInferTask object at 0x16fac96c0>
[2025-10-12 14:06:02,339] [77392] [MainThread] [INFO] (monailabel.sam2.infer:65) - Image Cache Initialized: /Users/hardikgujral/.cache/monailabel/sam2
[2025-10-12 14:06:02,340] [77392] [MainThread] [INFO] (timeloop:60) - Starting Timeloop..
[2025-10-12 14:06:02,340] [77392] [MainThread] [INFO] (timeloop:42) - Registered job <function ImageCache.monitor.<locals>.run_scheduler at 0x1706f4f70>
[2025-10-12 14:06:02,340] [77392] [MainThread] [INFO] (timeloop:63) - Timeloop now started. Jobs will run based on the interval set
[2025-10-12 14:06:02,341] [77392] [MainThread] [INFO] (main:100) - +++ Adding Trainer:: brats_mri_segmentation => <monailabel.tasks.train.bundle.BundleTrainTask object at 0x16fc2b370>
[2025-10-12 14:06:02,341] [77392] [MainThread] [INFO] (main:110) - Active Learning Strategies:: ['random', 'first']
[2025-10-12 14:06:02,341] [77392] [MainThread] [INFO] (monailabel.utils.sessions:51) - Session Path: /Users/hardikgujral/.cache/monailabel/sessions
[2025-10-12 14:06:02,341] [77392] [MainThread] [INFO] (monailabel.utils.sessions:52) - Session Expiry (max): 3600
[2025-10-12 14:06:02,341] [77392] [MainThread] [INFO] (monailabel.interfaces.app:469) - App Init - completed
[2025-10-12 14:06:02,341] [77392] [MainThread] [INFO] (timeloop:60) - Starting Timeloop..
[2025-10-12 14:06:02,342] [77392] [MainThread] [INFO] (timeloop:42) - Registered job <function MONAILabelApp.on_init_complete.<locals>.run_scheduler at 0x170696ef0>
[2025-10-12 14:06:02,342] [77392] [MainThread] [INFO] (timeloop:63) - Timeloop now started. Jobs will run based on the interval set
[2025-10-12 14:06:09,371] [77392] [MainThread] [WARNING] (python_multipart.multipart:1401) - Skipping data after last boundary
[2025-10-12 14:06:09,380] [77392] [MainThread] [INFO] (monailabel.endpoints.infer:169) - Infer Request: {'model': 'brats_mri_segmentation', 'image': '/Users/hardikgujral/.cache/monailabel/sessions/150c9a2c-a73d-11f0-863a-623b4422def7/tmp3kmh34wt.nii.gz', 'device': 'cpu', 'model_filename': 'model.pt', 'result_extension': '.nrrd', 'result_dtype': 'uint8', 'client_id': 'user-xyz', 'session': {'name': '150c9a2c-a73d-11f0-863a-623b4422def7', 'path': '/Users/hardikgujral/.cache/monailabel/sessions/150c9a2c-a73d-11f0-863a-623b4422def7', 'image': '/Users/hardikgujral/.cache/monailabel/sessions/150c9a2c-a73d-11f0-863a-623b4422def7/tmp3kmh34wt.nii.gz', 'meta': {}, 'create_ts': 1760254123, 'last_access_ts': 1760258169, 'expiry': 3600}}
[2025-10-12 14:06:09,381] [77392] [MainThread] [INFO] (monailabel.tasks.infer.basic_infer:280) - Infer Request (final): {'device': 'cpu', 'model_filename': 'model.pt', 'model': 'brats_mri_segmentation', 'image': '/Users/hardikgujral/.cache/monailabel/sessions/150c9a2c-a73d-11f0-863a-623b4422def7/tmp3kmh34wt.nii.gz', 'result_extension': '.nrrd', 'result_dtype': 'uint8', 'client_id': 'user-xyz', 'session': {'name': '150c9a2c-a73d-11f0-863a-623b4422def7', 'path': '/Users/hardikgujral/.cache/monailabel/sessions/150c9a2c-a73d-11f0-863a-623b4422def7', 'image': '/Users/hardikgujral/.cache/monailabel/sessions/150c9a2c-a73d-11f0-863a-623b4422def7/tmp3kmh34wt.nii.gz', 'meta': {}, 'create_ts': 1760254123, 'last_access_ts': 1760258169, 'expiry': 3600}, 'description': '3D segmentation model for delineating brain tumor subregions from multimodal MRI scans (T1, T1c, T2, FLAIR). The model processes 4-channel input volumes with 1mm isotropic resolution and outputs 3-channel segmentation masks for tumor core (TC), whole tumor (WT), and enhancing tumor (ET).', 'save_label': False}
[2025-10-12 14:07:05,109] [77633] [MainThread] [INFO] (monailabel.interfaces.utils.app:37) - Initializing App from: /Users/hardikgujral/PHD/MonAi Server/monaibundle; studies: /Users/hardikgujral/PHD/MonAi Server/monaibundle/Brats_Data; conf: {'models': 'brats_mri_segmentation'}
[2025-10-12 14:07:05,132] [77633] [MainThread] [INFO] (monailabel.utils.others.class_utils:57) - Subclass for MONAILabelApp Found: <class 'main.MyApp'>
[2025-10-12 14:07:07,082] [77633] [MainThread] [INFO] (monailabel.utils.others.generic:302) - +++ Adding Bundle from Local: brats_mri_segmentation => /Users/hardikgujral/PHD/MonAi Server/monaibundle/model/brats_mri_segmentation
[2025-10-12 14:07:07,082] [77633] [MainThread] [INFO] (monailabel.utils.others.generic:364) - +++ Using Bundle Models: ['brats_mri_segmentation']
[2025-10-12 14:07:07,083] [77633] [MainThread] [INFO] (monailabel.interfaces.app:135) - Init Datastore for: /Users/hardikgujral/PHD/MonAi Server/monaibundle/Brats_Data
[2025-10-12 14:07:07,084] [77633] [MainThread] [INFO] (monailabel.datastore.local:130) - Auto Reload: True; Extensions: ['*.nii.gz', '*.nii', '*.nrrd', '*.jpg', '*.png', '*.tif', '*.svs', '*.xml']
[2025-10-12 14:07:07,089] [77633] [MainThread] [INFO] (monailabel.datastore.local:577) - Invalidate count: 0
[2025-10-12 14:07:07,089] [77633] [MainThread] [INFO] (monailabel.datastore.local:151) - Start observing external modifications on datastore (AUTO RELOAD)
[2025-10-12 14:07:07,145] [77633] [MainThread] [INFO] (monailabel.tasks.infer.bundle:142) - Model: brats_mri_segmentation; Type: segmentation; Label: Tumor core => 0
[2025-10-12 14:07:07,145] [77633] [MainThread] [INFO] (monailabel.tasks.infer.bundle:142) - Model: brats_mri_segmentation; Type: segmentation; Label: Whole tumor => 1
[2025-10-12 14:07:07,145] [77633] [MainThread] [INFO] (monailabel.tasks.infer.bundle:142) - Model: brats_mri_segmentation; Type: segmentation; Label: Enhancing tumor => 2
[2025-10-12 14:07:07,149] [77633] [MainThread] [INFO] (main:77) - +++ Adding Inferer:: brats_mri_segmentation => <monailabel.tasks.infer.bundle.BundleInferTask object at 0x16ca72560>
[2025-10-12 14:07:07,214] [77633] [MainThread] [INFO] (monailabel.sam2.infer:65) - Image Cache Initialized: /Users/hardikgujral/.cache/monailabel/sam2
[2025-10-12 14:07:07,215] [77633] [MainThread] [INFO] (timeloop:60) - Starting Timeloop..
[2025-10-12 14:07:07,215] [77633] [MainThread] [INFO] (timeloop:42) - Registered job <function ImageCache.monitor.<locals>.run_scheduler at 0x170c69090>
[2025-10-12 14:07:07,215] [77633] [MainThread] [INFO] (timeloop:63) - Timeloop now started. Jobs will run based on the interval set
[2025-10-12 14:07:07,216] [77633] [MainThread] [INFO] (main:100) - +++ Adding Trainer:: brats_mri_segmentation => <monailabel.tasks.train.bundle.BundleTrainTask object at 0x16eaf11e0>
[2025-10-12 14:07:07,216] [77633] [MainThread] [INFO] (main:110) - Active Learning Strategies:: ['random', 'first']
[2025-10-12 14:07:07,216] [77633] [MainThread] [INFO] (monailabel.utils.sessions:51) - Session Path: /Users/hardikgujral/.cache/monailabel/sessions
[2025-10-12 14:07:07,216] [77633] [MainThread] [INFO] (monailabel.utils.sessions:52) - Session Expiry (max): 3600
[2025-10-12 14:07:07,216] [77633] [MainThread] [INFO] (monailabel.interfaces.app:469) - App Init - completed
[2025-10-12 14:07:07,216] [77633] [MainThread] [INFO] (timeloop:60) - Starting Timeloop..
[2025-10-12 14:07:07,216] [77633] [MainThread] [INFO] (timeloop:42) - Registered job <function MONAILabelApp.on_init_complete.<locals>.run_scheduler at 0x170c0b010>
[2025-10-12 14:07:07,216] [77633] [MainThread] [INFO] (timeloop:63) - Timeloop now started. Jobs will run based on the interval set
[2025-10-12 14:07:12,343] [77633] [MainThread] [WARNING] (python_multipart.multipart:1401) - Skipping data after last boundary
[2025-10-12 14:07:12,351] [77633] [MainThread] [INFO] (monailabel.endpoints.infer:169) - Infer Request: {'model': 'brats_mri_segmentation', 'image': '/Users/hardikgujral/.cache/monailabel/sessions/150c9a2c-a73d-11f0-863a-623b4422def7/tmp3kmh34wt.nii.gz', 'device': 'cpu', 'model_filename': 'model.pt', 'result_extension': '.nrrd', 'result_dtype': 'uint8', 'client_id': 'user-xyz', 'session': {'name': '150c9a2c-a73d-11f0-863a-623b4422def7', 'path': '/Users/hardikgujral/.cache/monailabel/sessions/150c9a2c-a73d-11f0-863a-623b4422def7', 'image': '/Users/hardikgujral/.cache/monailabel/sessions/150c9a2c-a73d-11f0-863a-623b4422def7/tmp3kmh34wt.nii.gz', 'meta': {}, 'create_ts': 1760254123, 'last_access_ts': 1760258232, 'expiry': 3600}}
[2025-10-12 14:07:12,352] [77633] [MainThread] [INFO] (monailabel.tasks.infer.basic_infer:280) - Infer Request (final): {'device': 'cpu', 'model_filename': 'model.pt', 'model': 'brats_mri_segmentation', 'image': '/Users/hardikgujral/.cache/monailabel/sessions/150c9a2c-a73d-11f0-863a-623b4422def7/tmp3kmh34wt.nii.gz', 'result_extension': '.nrrd', 'result_dtype': 'uint8', 'client_id': 'user-xyz', 'session': {'name': '150c9a2c-a73d-11f0-863a-623b4422def7', 'path': '/Users/hardikgujral/.cache/monailabel/sessions/150c9a2c-a73d-11f0-863a-623b4422def7', 'image': '/Users/hardikgujral/.cache/monailabel/sessions/150c9a2c-a73d-11f0-863a-623b4422def7/tmp3kmh34wt.nii.gz', 'meta': {}, 'create_ts': 1760254123, 'last_access_ts': 1760258232, 'expiry': 3600}, 'description': '3D segmentation model for delineating brain tumor subregions from multimodal MRI scans (T1, T1c, T2, FLAIR). The model processes 4-channel input volumes with 1mm isotropic resolution and outputs 3-channel segmentation masks for tumor core (TC), whole tumor (WT), and enhancing tumor (ET).', 'save_label': False}
[2025-10-12 14:07:57,995] [77874] [MainThread] [INFO] (monailabel.interfaces.utils.app:37) - Initializing App from: /Users/hardikgujral/PHD/MonAi Server/monaibundle; studies: /Users/hardikgujral/PHD/MonAi Server/monaibundle/Brats_Data; conf: {'models': 'brats_mri_segmentation'}
[2025-10-12 14:07:58,010] [77874] [MainThread] [INFO] (monailabel.utils.others.class_utils:57) - Subclass for MONAILabelApp Found: <class 'main.MyApp'>
[2025-10-12 14:08:00,035] [77874] [MainThread] [INFO] (monailabel.utils.others.generic:302) - +++ Adding Bundle from Local: brats_mri_segmentation => /Users/hardikgujral/PHD/MonAi Server/monaibundle/model/brats_mri_segmentation
[2025-10-12 14:08:00,036] [77874] [MainThread] [INFO] (monailabel.utils.others.generic:364) - +++ Using Bundle Models: ['brats_mri_segmentation']
[2025-10-12 14:08:00,036] [77874] [MainThread] [INFO] (monailabel.interfaces.app:135) - Init Datastore for: /Users/hardikgujral/PHD/MonAi Server/monaibundle/Brats_Data
[2025-10-12 14:08:00,037] [77874] [MainThread] [INFO] (monailabel.datastore.local:130) - Auto Reload: True; Extensions: ['*.nii.gz', '*.nii', '*.nrrd', '*.jpg', '*.png', '*.tif', '*.svs', '*.xml']
[2025-10-12 14:08:00,042] [77874] [MainThread] [INFO] (monailabel.datastore.local:577) - Invalidate count: 0
[2025-10-12 14:08:00,043] [77874] [MainThread] [INFO] (monailabel.datastore.local:151) - Start observing external modifications on datastore (AUTO RELOAD)
[2025-10-12 14:08:00,099] [77874] [MainThread] [INFO] (monailabel.tasks.infer.bundle:142) - Model: brats_mri_segmentation; Type: segmentation; Label: Tumor core => 0
[2025-10-12 14:08:00,099] [77874] [MainThread] [INFO] (monailabel.tasks.infer.bundle:142) - Model: brats_mri_segmentation; Type: segmentation; Label: Whole tumor => 1
[2025-10-12 14:08:00,099] [77874] [MainThread] [INFO] (monailabel.tasks.infer.bundle:142) - Model: brats_mri_segmentation; Type: segmentation; Label: Enhancing tumor => 2
[2025-10-12 14:08:00,102] [77874] [MainThread] [INFO] (main:77) - +++ Adding Inferer:: brats_mri_segmentation => <monailabel.tasks.infer.bundle.BundleInferTask object at 0x1796a3760>
[2025-10-12 14:08:00,152] [77874] [MainThread] [INFO] (monailabel.sam2.infer:65) - Image Cache Initialized: /Users/hardikgujral/.cache/monailabel/sam2
[2025-10-12 14:08:00,152] [77874] [MainThread] [INFO] (timeloop:60) - Starting Timeloop..
[2025-10-12 14:08:00,152] [77874] [MainThread] [INFO] (timeloop:42) - Registered job <function ImageCache.monitor.<locals>.run_scheduler at 0x179ff8f70>
[2025-10-12 14:08:00,152] [77874] [MainThread] [INFO] (timeloop:63) - Timeloop now started. Jobs will run based on the interval set
[2025-10-12 14:08:00,153] [77874] [MainThread] [INFO] (main:100) - +++ Adding Trainer:: brats_mri_segmentation => <monailabel.tasks.train.bundle.BundleTrainTask object at 0x179fc4190>
[2025-10-12 14:08:00,154] [77874] [MainThread] [INFO] (main:110) - Active Learning Strategies:: ['random', 'first']
[2025-10-12 14:08:00,154] [77874] [MainThread] [INFO] (monailabel.utils.sessions:51) - Session Path: /Users/hardikgujral/.cache/monailabel/sessions
[2025-10-12 14:08:00,154] [77874] [MainThread] [INFO] (monailabel.utils.sessions:52) - Session Expiry (max): 3600
[2025-10-12 14:08:00,154] [77874] [MainThread] [INFO] (monailabel.interfaces.app:469) - App Init - completed
[2025-10-12 14:08:00,154] [77874] [MainThread] [INFO] (timeloop:60) - Starting Timeloop..
[2025-10-12 14:08:00,154] [77874] [MainThread] [INFO] (timeloop:42) - Registered job <function MONAILabelApp.on_init_complete.<locals>.run_scheduler at 0x179f92ef0>
[2025-10-12 14:08:00,154] [77874] [MainThread] [INFO] (timeloop:63) - Timeloop now started. Jobs will run based on the interval set
[2025-10-12 14:08:02,186] [77874] [MainThread] [WARNING] (python_multipart.multipart:1401) - Skipping data after last boundary
[2025-10-12 14:08:02,195] [77874] [MainThread] [INFO] (monailabel.endpoints.infer:169) - Infer Request: {'model': 'brats_mri_segmentation', 'image': '/Users/hardikgujral/.cache/monailabel/sessions/150c9a2c-a73d-11f0-863a-623b4422def7/tmp3kmh34wt.nii.gz', 'device': 'cpu', 'model_filename': 'model.pt', 'result_extension': '.nrrd', 'result_dtype': 'uint8', 'client_id': 'user-xyz', 'session': {'name': '150c9a2c-a73d-11f0-863a-623b4422def7', 'path': '/Users/hardikgujral/.cache/monailabel/sessions/150c9a2c-a73d-11f0-863a-623b4422def7', 'image': '/Users/hardikgujral/.cache/monailabel/sessions/150c9a2c-a73d-11f0-863a-623b4422def7/tmp3kmh34wt.nii.gz', 'meta': {}, 'create_ts': 1760254123, 'last_access_ts': 1760258282, 'expiry': 3600}}
[2025-10-12 14:08:02,196] [77874] [MainThread] [INFO] (monailabel.tasks.infer.basic_infer:280) - Infer Request (final): {'device': 'cpu', 'model_filename': 'model.pt', 'model': 'brats_mri_segmentation', 'image': '/Users/hardikgujral/.cache/monailabel/sessions/150c9a2c-a73d-11f0-863a-623b4422def7/tmp3kmh34wt.nii.gz', 'result_extension': '.nrrd', 'result_dtype': 'uint8', 'client_id': 'user-xyz', 'session': {'name': '150c9a2c-a73d-11f0-863a-623b4422def7', 'path': '/Users/hardikgujral/.cache/monailabel/sessions/150c9a2c-a73d-11f0-863a-623b4422def7', 'image': '/Users/hardikgujral/.cache/monailabel/sessions/150c9a2c-a73d-11f0-863a-623b4422def7/tmp3kmh34wt.nii.gz', 'meta': {}, 'create_ts': 1760254123, 'last_access_ts': 1760258282, 'expiry': 3600}, 'description': '3D segmentation model for delineating brain tumor subregions from multimodal MRI scans (T1, T1c, T2, FLAIR). The model processes 4-channel input volumes with 1mm isotropic resolution and outputs 3-channel segmentation masks for tumor core (TC), whole tumor (WT), and enhancing tumor (ET).', 'save_label': False}
[2025-10-12 14:08:53,843] [78296] [MainThread] [INFO] (monailabel.interfaces.utils.app:37) - Initializing App from: /Users/hardikgujral/PHD/MonAi Server/monaibundle; studies: /Users/hardikgujral/PHD/MonAi Server/monaibundle/Brats_Data; conf: {'models': 'brats_mri_segmentation'}
[2025-10-12 14:08:53,857] [78296] [MainThread] [INFO] (monailabel.utils.others.class_utils:57) - Subclass for MONAILabelApp Found: <class 'main.MyApp'>
[2025-10-12 14:08:55,997] [78296] [MainThread] [INFO] (monailabel.utils.others.generic:302) - +++ Adding Bundle from Local: brats_mri_segmentation => /Users/hardikgujral/PHD/MonAi Server/monaibundle/model/brats_mri_segmentation
[2025-10-12 14:08:55,998] [78296] [MainThread] [INFO] (monailabel.utils.others.generic:364) - +++ Using Bundle Models: ['brats_mri_segmentation']
[2025-10-12 14:08:55,998] [78296] [MainThread] [INFO] (monailabel.interfaces.app:135) - Init Datastore for: /Users/hardikgujral/PHD/MonAi Server/monaibundle/Brats_Data
[2025-10-12 14:08:55,999] [78296] [MainThread] [INFO] (monailabel.datastore.local:130) - Auto Reload: True; Extensions: ['*.nii.gz', '*.nii', '*.nrrd', '*.jpg', '*.png', '*.tif', '*.svs', '*.xml']
[2025-10-12 14:08:56,004] [78296] [MainThread] [INFO] (monailabel.datastore.local:577) - Invalidate count: 0
[2025-10-12 14:08:56,004] [78296] [MainThread] [INFO] (monailabel.datastore.local:151) - Start observing external modifications on datastore (AUTO RELOAD)
[2025-10-12 14:08:56,058] [78296] [MainThread] [INFO] (monailabel.tasks.infer.bundle:142) - Model: brats_mri_segmentation; Type: segmentation; Label: Tumor core => 0
[2025-10-12 14:08:56,058] [78296] [MainThread] [INFO] (monailabel.tasks.infer.bundle:142) - Model: brats_mri_segmentation; Type: segmentation; Label: Whole tumor => 1
[2025-10-12 14:08:56,058] [78296] [MainThread] [INFO] (monailabel.tasks.infer.bundle:142) - Model: brats_mri_segmentation; Type: segmentation; Label: Enhancing tumor => 2
[2025-10-12 14:08:56,061] [78296] [MainThread] [INFO] (main:77) - +++ Adding Inferer:: brats_mri_segmentation => <monailabel.tasks.infer.bundle.BundleInferTask object at 0x30973bdc0>
[2025-10-12 14:08:56,108] [78296] [MainThread] [INFO] (monailabel.sam2.infer:65) - Image Cache Initialized: /Users/hardikgujral/.cache/monailabel/sam2
[2025-10-12 14:08:56,109] [78296] [MainThread] [INFO] (timeloop:60) - Starting Timeloop..
[2025-10-12 14:08:56,109] [78296] [MainThread] [INFO] (timeloop:42) - Registered job <function ImageCache.monitor.<locals>.run_scheduler at 0x30c3d9120>
[2025-10-12 14:08:56,109] [78296] [MainThread] [INFO] (timeloop:63) - Timeloop now started. Jobs will run based on the interval set
[2025-10-12 14:08:56,110] [78296] [MainThread] [INFO] (main:100) - +++ Adding Trainer:: brats_mri_segmentation => <monailabel.tasks.train.bundle.BundleTrainTask object at 0x309d891e0>
[2025-10-12 14:08:56,110] [78296] [MainThread] [INFO] (main:110) - Active Learning Strategies:: ['random', 'first']
[2025-10-12 14:08:56,110] [78296] [MainThread] [INFO] (monailabel.utils.sessions:51) - Session Path: /Users/hardikgujral/.cache/monailabel/sessions
[2025-10-12 14:08:56,110] [78296] [MainThread] [INFO] (monailabel.utils.sessions:52) - Session Expiry (max): 3600
[2025-10-12 14:08:56,110] [78296] [MainThread] [INFO] (monailabel.interfaces.app:469) - App Init - completed
[2025-10-12 14:08:56,110] [78296] [MainThread] [INFO] (timeloop:60) - Starting Timeloop..
[2025-10-12 14:08:56,110] [78296] [MainThread] [INFO] (timeloop:42) - Registered job <function MONAILabelApp.on_init_complete.<locals>.run_scheduler at 0x30c3770a0>
[2025-10-12 14:08:56,110] [78296] [MainThread] [INFO] (timeloop:63) - Timeloop now started. Jobs will run based on the interval set
[2025-10-12 14:08:59,099] [78296] [MainThread] [WARNING] (python_multipart.multipart:1401) - Skipping data after last boundary
[2025-10-12 14:08:59,110] [78296] [MainThread] [INFO] (monailabel.endpoints.infer:169) - Infer Request: {'model': 'brats_mri_segmentation', 'image': '/Users/hardikgujral/.cache/monailabel/sessions/150c9a2c-a73d-11f0-863a-623b4422def7/tmp3kmh34wt.nii.gz', 'device': 'cpu', 'model_filename': 'model.pt', 'result_extension': '.nrrd', 'result_dtype': 'uint8', 'client_id': 'user-xyz', 'session': {'name': '150c9a2c-a73d-11f0-863a-623b4422def7', 'path': '/Users/hardikgujral/.cache/monailabel/sessions/150c9a2c-a73d-11f0-863a-623b4422def7', 'image': '/Users/hardikgujral/.cache/monailabel/sessions/150c9a2c-a73d-11f0-863a-623b4422def7/tmp3kmh34wt.nii.gz', 'meta': {}, 'create_ts': 1760254123, 'last_access_ts': 1760258339, 'expiry': 3600}}
[2025-10-12 14:08:59,111] [78296] [MainThread] [INFO] (monailabel.tasks.infer.basic_infer:280) - Infer Request (final): {'device': 'cpu', 'model_filename': 'model.pt', 'model': 'brats_mri_segmentation', 'image': '/Users/hardikgujral/.cache/monailabel/sessions/150c9a2c-a73d-11f0-863a-623b4422def7/tmp3kmh34wt.nii.gz', 'result_extension': '.nrrd', 'result_dtype': 'uint8', 'client_id': 'user-xyz', 'session': {'name': '150c9a2c-a73d-11f0-863a-623b4422def7', 'path': '/Users/hardikgujral/.cache/monailabel/sessions/150c9a2c-a73d-11f0-863a-623b4422def7', 'image': '/Users/hardikgujral/.cache/monailabel/sessions/150c9a2c-a73d-11f0-863a-623b4422def7/tmp3kmh34wt.nii.gz', 'meta': {}, 'create_ts': 1760254123, 'last_access_ts': 1760258339, 'expiry': 3600}, 'description': '3D segmentation model for delineating brain tumor subregions from multimodal MRI scans (T1, T1c, T2, FLAIR). The model processes 4-channel input volumes with 1mm isotropic resolution and outputs 3-channel segmentation masks for tumor core (TC), whole tumor (WT), and enhancing tumor (ET).', 'save_label': False}
[2025-10-12 14:09:30,542] [78590] [MainThread] [INFO] (monailabel.interfaces.utils.app:37) - Initializing App from: /Users/hardikgujral/PHD/MonAi Server/monaibundle; studies: /Users/hardikgujral/PHD/MonAi Server/monaibundle/Brats_Data; conf: {'models': 'brats_mri_segmentation'}
[2025-10-12 14:09:30,558] [78590] [MainThread] [INFO] (monailabel.utils.others.class_utils:57) - Subclass for MONAILabelApp Found: <class 'main.MyApp'>
[2025-10-12 14:09:32,693] [78590] [MainThread] [INFO] (monailabel.utils.others.generic:302) - +++ Adding Bundle from Local: brats_mri_segmentation => /Users/hardikgujral/PHD/MonAi Server/monaibundle/model/brats_mri_segmentation
[2025-10-12 14:09:32,694] [78590] [MainThread] [INFO] (monailabel.utils.others.generic:364) - +++ Using Bundle Models: ['brats_mri_segmentation']
[2025-10-12 14:09:32,695] [78590] [MainThread] [INFO] (monailabel.interfaces.app:135) - Init Datastore for: /Users/hardikgujral/PHD/MonAi Server/monaibundle/Brats_Data
[2025-10-12 14:09:32,696] [78590] [MainThread] [INFO] (monailabel.datastore.local:130) - Auto Reload: True; Extensions: ['*.nii.gz', '*.nii', '*.nrrd', '*.jpg', '*.png', '*.tif', '*.svs', '*.xml']
[2025-10-12 14:09:32,702] [78590] [MainThread] [INFO] (monailabel.datastore.local:577) - Invalidate count: 0
[2025-10-12 14:09:32,702] [78590] [MainThread] [INFO] (monailabel.datastore.local:151) - Start observing external modifications on datastore (AUTO RELOAD)
[2025-10-12 14:09:32,758] [78590] [MainThread] [INFO] (monailabel.tasks.infer.bundle:142) - Model: brats_mri_segmentation; Type: segmentation; Label: Tumor core => 0
[2025-10-12 14:09:32,758] [78590] [MainThread] [INFO] (monailabel.tasks.infer.bundle:142) - Model: brats_mri_segmentation; Type: segmentation; Label: Whole tumor => 1
[2025-10-12 14:09:32,758] [78590] [MainThread] [INFO] (monailabel.tasks.infer.bundle:142) - Model: brats_mri_segmentation; Type: segmentation; Label: Enhancing tumor => 2
[2025-10-12 14:09:32,762] [78590] [MainThread] [INFO] (main:77) - +++ Adding Inferer:: brats_mri_segmentation => <monailabel.tasks.infer.bundle.BundleInferTask object at 0x17079faf0>
[2025-10-12 14:09:32,813] [78590] [MainThread] [INFO] (monailabel.sam2.infer:65) - Image Cache Initialized: /Users/hardikgujral/.cache/monailabel/sam2
[2025-10-12 14:09:32,814] [78590] [MainThread] [INFO] (timeloop:60) - Starting Timeloop..
[2025-10-12 14:09:32,814] [78590] [MainThread] [INFO] (timeloop:42) - Registered job <function ImageCache.monitor.<locals>.run_scheduler at 0x171100f70>
[2025-10-12 14:09:32,814] [78590] [MainThread] [INFO] (timeloop:63) - Timeloop now started. Jobs will run based on the interval set
[2025-10-12 14:09:32,815] [78590] [MainThread] [INFO] (main:100) - +++ Adding Trainer:: brats_mri_segmentation => <monailabel.tasks.train.bundle.BundleTrainTask object at 0x1709697e0>
[2025-10-12 14:09:32,815] [78590] [MainThread] [INFO] (main:110) - Active Learning Strategies:: ['random', 'first']
[2025-10-12 14:09:32,815] [78590] [MainThread] [INFO] (monailabel.utils.sessions:51) - Session Path: /Users/hardikgujral/.cache/monailabel/sessions
[2025-10-12 14:09:32,815] [78590] [MainThread] [INFO] (monailabel.utils.sessions:52) - Session Expiry (max): 3600
[2025-10-12 14:09:32,815] [78590] [MainThread] [INFO] (monailabel.interfaces.app:469) - App Init - completed
[2025-10-12 14:09:32,815] [78590] [MainThread] [INFO] (timeloop:60) - Starting Timeloop..
[2025-10-12 14:09:32,815] [78590] [MainThread] [INFO] (timeloop:42) - Registered job <function MONAILabelApp.on_init_complete.<locals>.run_scheduler at 0x17109aef0>
[2025-10-12 14:09:32,815] [78590] [MainThread] [INFO] (timeloop:63) - Timeloop now started. Jobs will run based on the interval set
[2025-10-12 14:09:34,980] [78590] [MainThread] [WARNING] (python_multipart.multipart:1401) - Skipping data after last boundary
[2025-10-12 14:09:34,989] [78590] [MainThread] [INFO] (monailabel.endpoints.infer:169) - Infer Request: {'model': 'brats_mri_segmentation', 'image': '/Users/hardikgujral/.cache/monailabel/sessions/150c9a2c-a73d-11f0-863a-623b4422def7/tmp3kmh34wt.nii.gz', 'device': 'cpu', 'model_filename': 'model.pt', 'result_extension': '.nrrd', 'result_dtype': 'uint8', 'client_id': 'user-xyz', 'session': {'name': '150c9a2c-a73d-11f0-863a-623b4422def7', 'path': '/Users/hardikgujral/.cache/monailabel/sessions/150c9a2c-a73d-11f0-863a-623b4422def7', 'image': '/Users/hardikgujral/.cache/monailabel/sessions/150c9a2c-a73d-11f0-863a-623b4422def7/tmp3kmh34wt.nii.gz', 'meta': {}, 'create_ts': 1760254123, 'last_access_ts': 1760258374, 'expiry': 3600}}
[2025-10-12 14:09:34,990] [78590] [MainThread] [INFO] (monailabel.tasks.infer.basic_infer:280) - Infer Request (final): {'device': 'cpu', 'model_filename': 'model.pt', 'model': 'brats_mri_segmentation', 'image': '/Users/hardikgujral/.cache/monailabel/sessions/150c9a2c-a73d-11f0-863a-623b4422def7/tmp3kmh34wt.nii.gz', 'result_extension': '.nrrd', 'result_dtype': 'uint8', 'client_id': 'user-xyz', 'session': {'name': '150c9a2c-a73d-11f0-863a-623b4422def7', 'path': '/Users/hardikgujral/.cache/monailabel/sessions/150c9a2c-a73d-11f0-863a-623b4422def7', 'image': '/Users/hardikgujral/.cache/monailabel/sessions/150c9a2c-a73d-11f0-863a-623b4422def7/tmp3kmh34wt.nii.gz', 'meta': {}, 'create_ts': 1760254123, 'last_access_ts': 1760258374, 'expiry': 3600}, 'description': '3D segmentation model for delineating brain tumor subregions from multimodal MRI scans (T1, T1c, T2, FLAIR). The model processes 4-channel input volumes with 1mm isotropic resolution and outputs 3-channel segmentation masks for tumor core (TC), whole tumor (WT), and enhancing tumor (ET).', 'save_label': False}
[2025-10-12 14:10:25,979] [78884] [MainThread] [INFO] (monailabel.interfaces.utils.app:37) - Initializing App from: /Users/hardikgujral/PHD/MonAi Server/monaibundle; studies: /Users/hardikgujral/PHD/MonAi Server/monaibundle/Brats_Data; conf: {'models': 'brats_mri_segmentation'}
[2025-10-12 14:10:26,002] [78884] [MainThread] [INFO] (monailabel.utils.others.class_utils:57) - Subclass for MONAILabelApp Found: <class 'main.MyApp'>
[2025-10-12 14:10:28,582] [78884] [MainThread] [INFO] (monailabel.utils.others.generic:302) - +++ Adding Bundle from Local: brats_mri_segmentation => /Users/hardikgujral/PHD/MonAi Server/monaibundle/model/brats_mri_segmentation
[2025-10-12 14:10:28,582] [78884] [MainThread] [INFO] (monailabel.utils.others.generic:364) - +++ Using Bundle Models: ['brats_mri_segmentation']
[2025-10-12 14:10:28,583] [78884] [MainThread] [INFO] (monailabel.interfaces.app:135) - Init Datastore for: /Users/hardikgujral/PHD/MonAi Server/monaibundle/Brats_Data
[2025-10-12 14:10:28,584] [78884] [MainThread] [INFO] (monailabel.datastore.local:130) - Auto Reload: True; Extensions: ['*.nii.gz', '*.nii', '*.nrrd', '*.jpg', '*.png', '*.tif', '*.svs', '*.xml']
[2025-10-12 14:10:28,590] [78884] [MainThread] [INFO] (monailabel.datastore.local:577) - Invalidate count: 0
[2025-10-12 14:10:28,591] [78884] [MainThread] [INFO] (monailabel.datastore.local:151) - Start observing external modifications on datastore (AUTO RELOAD)
[2025-10-12 14:10:28,645] [78884] [MainThread] [INFO] (monailabel.tasks.infer.bundle:142) - Model: brats_mri_segmentation; Type: segmentation; Label: Tumor core => 0
[2025-10-12 14:10:28,645] [78884] [MainThread] [INFO] (monailabel.tasks.infer.bundle:142) - Model: brats_mri_segmentation; Type: segmentation; Label: Whole tumor => 1
[2025-10-12 14:10:28,645] [78884] [MainThread] [INFO] (monailabel.tasks.infer.bundle:142) - Model: brats_mri_segmentation; Type: segmentation; Label: Enhancing tumor => 2
[2025-10-12 14:10:28,648] [78884] [MainThread] [INFO] (main:77) - +++ Adding Inferer:: brats_mri_segmentation => <monailabel.tasks.infer.bundle.BundleInferTask object at 0x170141870>
[2025-10-12 14:10:28,712] [78884] [MainThread] [INFO] (monailabel.sam2.infer:65) - Image Cache Initialized: /Users/hardikgujral/.cache/monailabel/sam2
[2025-10-12 14:10:28,713] [78884] [MainThread] [INFO] (timeloop:60) - Starting Timeloop..
[2025-10-12 14:10:28,713] [78884] [MainThread] [INFO] (timeloop:42) - Registered job <function ImageCache.monitor.<locals>.run_scheduler at 0x170af4f70>
[2025-10-12 14:10:28,713] [78884] [MainThread] [INFO] (timeloop:63) - Timeloop now started. Jobs will run based on the interval set
[2025-10-12 14:10:28,714] [78884] [MainThread] [INFO] (main:100) - +++ Adding Trainer:: brats_mri_segmentation => <monailabel.tasks.train.bundle.BundleTrainTask object at 0x1703a0fd0>
[2025-10-12 14:10:28,714] [78884] [MainThread] [INFO] (main:110) - Active Learning Strategies:: ['random', 'first']
[2025-10-12 14:10:28,714] [78884] [MainThread] [INFO] (monailabel.utils.sessions:51) - Session Path: /Users/hardikgujral/.cache/monailabel/sessions
[2025-10-12 14:10:28,714] [78884] [MainThread] [INFO] (monailabel.utils.sessions:52) - Session Expiry (max): 3600
[2025-10-12 14:10:28,714] [78884] [MainThread] [INFO] (monailabel.interfaces.app:469) - App Init - completed
[2025-10-12 14:10:28,714] [78884] [MainThread] [INFO] (timeloop:60) - Starting Timeloop..
[2025-10-12 14:10:28,714] [78884] [MainThread] [INFO] (timeloop:42) - Registered job <function MONAILabelApp.on_init_complete.<locals>.run_scheduler at 0x170a96ef0>
[2025-10-12 14:10:28,714] [78884] [MainThread] [INFO] (timeloop:63) - Timeloop now started. Jobs will run based on the interval set
[2025-10-12 14:10:33,099] [78884] [MainThread] [WARNING] (python_multipart.multipart:1401) - Skipping data after last boundary
[2025-10-12 14:10:33,108] [78884] [MainThread] [INFO] (monailabel.endpoints.infer:169) - Infer Request: {'model': 'brats_mri_segmentation', 'image': '/Users/hardikgujral/.cache/monailabel/sessions/150c9a2c-a73d-11f0-863a-623b4422def7/tmp3kmh34wt.nii.gz', 'device': 'cpu', 'model_filename': 'model.pt', 'result_extension': '.nrrd', 'result_dtype': 'uint8', 'client_id': 'user-xyz', 'session': {'name': '150c9a2c-a73d-11f0-863a-623b4422def7', 'path': '/Users/hardikgujral/.cache/monailabel/sessions/150c9a2c-a73d-11f0-863a-623b4422def7', 'image': '/Users/hardikgujral/.cache/monailabel/sessions/150c9a2c-a73d-11f0-863a-623b4422def7/tmp3kmh34wt.nii.gz', 'meta': {}, 'create_ts': 1760254123, 'last_access_ts': 1760258433, 'expiry': 3600}}
[2025-10-12 14:10:33,109] [78884] [MainThread] [INFO] (monailabel.tasks.infer.basic_infer:280) - Infer Request (final): {'device': 'cpu', 'model_filename': 'model.pt', 'model': 'brats_mri_segmentation', 'image': '/Users/hardikgujral/.cache/monailabel/sessions/150c9a2c-a73d-11f0-863a-623b4422def7/tmp3kmh34wt.nii.gz', 'result_extension': '.nrrd', 'result_dtype': 'uint8', 'client_id': 'user-xyz', 'session': {'name': '150c9a2c-a73d-11f0-863a-623b4422def7', 'path': '/Users/hardikgujral/.cache/monailabel/sessions/150c9a2c-a73d-11f0-863a-623b4422def7', 'image': '/Users/hardikgujral/.cache/monailabel/sessions/150c9a2c-a73d-11f0-863a-623b4422def7/tmp3kmh34wt.nii.gz', 'meta': {}, 'create_ts': 1760254123, 'last_access_ts': 1760258433, 'expiry': 3600}, 'description': '3D segmentation model for delineating brain tumor subregions from multimodal MRI scans (T1, T1c, T2, FLAIR). The model processes 4-channel input volumes with 1mm isotropic resolution and outputs 3-channel segmentation masks for tumor core (TC), whole tumor (WT), and enhancing tumor (ET).', 'save_label': False}
[2025-10-12 14:10:33,125] [78884] [MainThread] [INFO] (monailabel.interfaces.utils.transform:76) - PRE - Run Transform(s)
[2025-10-12 14:10:33,125] [78884] [MainThread] [INFO] (monailabel.interfaces.utils.transform:77) - PRE - Input Keys: ['device', 'model_filename', 'model', 'image', 'result_extension', 'result_dtype', 'client_id', 'session', 'description', 'save_label', 'image_path']
[2025-10-12 14:10:33,166] [78884] [MainThread] [INFO] (monailabel.interfaces.utils.transform:122) - PRE - Transform (LoadImageTensord): Time: 0.0402; image: torch.Size([240, 240, 155])(torch.float32)
[2025-10-12 14:10:33,166] [78884] [MainThread] [INFO] (monailabel.interfaces.utils.transform:122) - PRE - Transform (EnsureChannelFirstd): Time: 0.0002; image: torch.Size([1, 240, 240, 155])(torch.float32)
[2025-10-12 14:10:33,190] [78884] [MainThread] [INFO] (monailabel.interfaces.utils.transform:122) - PRE - Transform (NormalizeIntensityd): Time: 0.0232; image: torch.Size([1, 240, 240, 155])(torch.float32)
[2025-10-12 14:10:33,190] [78884] [MainThread] [INFO] (monailabel.tasks.infer.basic_infer:501) - DEBUG input type: <class 'monai.data.meta_tensor.MetaTensor'>
[2025-10-12 14:10:33,190] [78884] [MainThread] [INFO] (monailabel.tasks.infer.basic_infer:502) - DEBUG input shape: torch.Size([1, 240, 240, 155])
[2025-10-12 14:10:33,190] [78884] [MainThread] [INFO] (monailabel.tasks.infer.basic_infer:503) - DEBUG input dtype: torch.float32
[2025-10-12 14:10:33,194] [78884] [MainThread] [INFO] (monailabel.tasks.infer.basic_infer:504) - DEBUG input min/max: -3.1915152072906494/5.9434967041015625
[2025-10-12 14:10:33,196] [78884] [MainThread] [INFO] (monailabel.tasks.infer.basic_infer:506) - Inferer:: cpu => SlidingWindowInferer => {'roi_size': [240, 240, 128], 'sw_batch_size': 1, 'overlap': 0.5, 'mode': constant, 'sigma_scale': 0.125, 'padding_mode': constant, 'cval': 0.0, 'sw_device': None, 'device': None, 'progress': False, 'cpu_thresh': None, 'buffer_steps': None, 'buffer_dim': -1, 'with_coord': False, 'roi_weight_map': None}
[2025-10-12 14:10:33,196] [78884] [MainThread] [INFO] (monailabel.tasks.infer.basic_infer:432) - Infer model path: /Users/hardikgujral/PHD/MonAi Server/monaibundle/model/brats_mri_segmentation/models/model.pt
[2025-10-12 14:10:33,196] [78884] [MainThread] [INFO] (monailabel.tasks.infer.basic_infer:440) - Using <User> provided model_file: /Users/hardikgujral/PHD/MonAi Server/monaibundle/model/brats_mri_segmentation/models/model.pt
[2025-10-12 14:28:13,695] [80450] [MainThread] [INFO] (monailabel.interfaces.utils.app:37) - Initializing App from: /Users/hardikgujral/PHD/MonAi Server/monaibundle; studies: /Users/hardikgujral/PHD/MonAi Server/monaibundle/Brats_Data; conf: {'models': 'brats_mri_segmentation'}
[2025-10-12 14:28:13,722] [80450] [MainThread] [INFO] (monailabel.utils.others.class_utils:57) - Subclass for MONAILabelApp Found: <class 'main.MyApp'>
[2025-10-12 14:28:16,327] [80450] [MainThread] [INFO] (monailabel.utils.others.generic:302) - +++ Adding Bundle from Local: brats_mri_segmentation => /Users/hardikgujral/PHD/MonAi Server/monaibundle/model/brats_mri_segmentation
[2025-10-12 14:28:16,327] [80450] [MainThread] [INFO] (monailabel.utils.others.generic:364) - +++ Using Bundle Models: ['brats_mri_segmentation']
[2025-10-12 14:28:16,328] [80450] [MainThread] [INFO] (monailabel.interfaces.app:135) - Init Datastore for: /Users/hardikgujral/PHD/MonAi Server/monaibundle/Brats_Data
[2025-10-12 14:28:16,328] [80450] [MainThread] [INFO] (monailabel.datastore.local:130) - Auto Reload: True; Extensions: ['*.nii.gz', '*.nii', '*.nrrd', '*.jpg', '*.png', '*.tif', '*.svs', '*.xml']
[2025-10-12 14:28:16,333] [80450] [MainThread] [INFO] (monailabel.datastore.local:577) - Invalidate count: 0
[2025-10-12 14:28:16,333] [80450] [MainThread] [INFO] (monailabel.datastore.local:151) - Start observing external modifications on datastore (AUTO RELOAD)
[2025-10-12 14:28:16,371] [80450] [MainThread] [INFO] (monailabel.tasks.infer.bundle:142) - Model: brats_mri_segmentation; Type: segmentation; Label: Tumor core => 0
[2025-10-12 14:28:16,371] [80450] [MainThread] [INFO] (monailabel.tasks.infer.bundle:142) - Model: brats_mri_segmentation; Type: segmentation; Label: Whole tumor => 1
[2025-10-12 14:28:16,371] [80450] [MainThread] [INFO] (monailabel.tasks.infer.bundle:142) - Model: brats_mri_segmentation; Type: segmentation; Label: Enhancing tumor => 2
[2025-10-12 14:28:16,374] [80450] [MainThread] [INFO] (main:77) - +++ Adding Inferer:: brats_mri_segmentation => <monailabel.tasks.infer.bundle.BundleInferTask object at 0x17f6b4970>
[2025-10-12 14:28:16,439] [80450] [MainThread] [INFO] (monailabel.sam2.infer:65) - Image Cache Initialized: /Users/hardikgujral/.cache/monailabel/sam2
[2025-10-12 14:28:16,439] [80450] [MainThread] [INFO] (timeloop:60) - Starting Timeloop..
[2025-10-12 14:28:16,439] [80450] [MainThread] [INFO] (timeloop:42) - Registered job <function ImageCache.monitor.<locals>.run_scheduler at 0x304c2d1b0>
[2025-10-12 14:28:16,439] [80450] [MainThread] [INFO] (timeloop:63) - Timeloop now started. Jobs will run based on the interval set
[2025-10-12 14:28:16,441] [80450] [MainThread] [INFO] (main:100) - +++ Adding Trainer:: brats_mri_segmentation => <monailabel.tasks.train.bundle.BundleTrainTask object at 0x30247de10>
[2025-10-12 14:28:16,441] [80450] [MainThread] [INFO] (main:110) - Active Learning Strategies:: ['random', 'first']
[2025-10-12 14:28:16,441] [80450] [MainThread] [INFO] (monailabel.utils.sessions:51) - Session Path: /Users/hardikgujral/.cache/monailabel/sessions
[2025-10-12 14:28:16,441] [80450] [MainThread] [INFO] (monailabel.utils.sessions:52) - Session Expiry (max): 3600
[2025-10-12 14:28:16,441] [80450] [MainThread] [INFO] (monailabel.interfaces.app:469) - App Init - completed
[2025-10-12 14:28:16,441] [80450] [MainThread] [INFO] (timeloop:60) - Starting Timeloop..
[2025-10-12 14:28:16,441] [80450] [MainThread] [INFO] (timeloop:42) - Registered job <function MONAILabelApp.on_init_complete.<locals>.run_scheduler at 0x304bc7130>
[2025-10-12 14:28:16,441] [80450] [MainThread] [INFO] (timeloop:63) - Timeloop now started. Jobs will run based on the interval set
[2025-10-12 14:45:26,477] [80450] [MainThread] [WARNING] (python_multipart.multipart:1401) - Skipping data after last boundary
[2025-10-12 14:45:26,486] [80450] [MainThread] [INFO] (monailabel.endpoints.infer:169) - Infer Request: {'model': 'brats_mri_segmentation', 'image': '/var/folders/6_/ry2qtq017bz7tbrhd87grxfh0000gn/T/tmpxi67pu5x.nii.gz'}
[2025-10-12 14:45:26,487] [80450] [MainThread] [INFO] (monailabel.tasks.infer.basic_infer:280) - Infer Request (final): {'device': 'cpu', 'model_filename': ['model.pt'], 'model': 'brats_mri_segmentation', 'image': '/var/folders/6_/ry2qtq017bz7tbrhd87grxfh0000gn/T/tmpxi67pu5x.nii.gz', 'description': '3D segmentation model for delineating brain tumor subregions from multimodal MRI scans (T1, T1c, T2, FLAIR). The model processes 4-channel input volumes with 1mm isotropic resolution and outputs 3-channel segmentation masks for tumor core (TC), whole tumor (WT), and enhancing tumor (ET).', 'save_label': False}
[2025-10-12 14:45:26,503] [80450] [MainThread] [INFO] (monailabel.interfaces.utils.transform:76) - PRE - Run Transform(s)
[2025-10-12 14:45:26,503] [80450] [MainThread] [INFO] (monailabel.interfaces.utils.transform:77) - PRE - Input Keys: ['device', 'model_filename', 'model', 'image', 'description', 'save_label', 'image_path']
[2025-10-12 14:46:54,774] [80450] [MainThread] [WARNING] (python_multipart.multipart:1401) - Skipping data after last boundary
[2025-10-12 14:46:54,784] [80450] [MainThread] [INFO] (monailabel.endpoints.infer:169) - Infer Request: {'model': 'brats_mri_segmentation', 'image': '/var/folders/6_/ry2qtq017bz7tbrhd87grxfh0000gn/T/tmpc08pmlv_.nii.gz'}
[2025-10-12 14:46:54,785] [80450] [MainThread] [INFO] (monailabel.tasks.infer.basic_infer:280) - Infer Request (final): {'device': 'cpu', 'model_filename': ['model.pt'], 'model': 'brats_mri_segmentation', 'image': '/var/folders/6_/ry2qtq017bz7tbrhd87grxfh0000gn/T/tmpc08pmlv_.nii.gz', 'description': '3D segmentation model for delineating brain tumor subregions from multimodal MRI scans (T1, T1c, T2, FLAIR). The model processes 4-channel input volumes with 1mm isotropic resolution and outputs 3-channel segmentation masks for tumor core (TC), whole tumor (WT), and enhancing tumor (ET).', 'save_label': False}
[2025-10-12 14:46:54,794] [80450] [MainThread] [INFO] (monailabel.interfaces.utils.transform:76) - PRE - Run Transform(s)
[2025-10-12 14:46:54,794] [80450] [MainThread] [INFO] (monailabel.interfaces.utils.transform:77) - PRE - Input Keys: ['device', 'model_filename', 'model', 'image', 'description', 'save_label', 'image_path']
[2025-10-12 14:46:55,133] [80450] [MainThread] [INFO] (monailabel.interfaces.utils.transform:122) - PRE - Transform (LoadImageTensord): Time: 0.3384; image: torch.Size([240, 240, 155, 4])(torch.float32)
[2025-10-12 14:46:55,135] [80450] [MainThread] [INFO] (monailabel.interfaces.utils.transform:122) - PRE - Transform (EnsureChannelFirstd): Time: 0.0021; image: torch.Size([4, 240, 240, 155])(torch.float32)
[2025-10-12 14:46:55,225] [80450] [MainThread] [INFO] (monailabel.interfaces.utils.transform:122) - PRE - Transform (NormalizeIntensityd): Time: 0.0898; image: torch.Size([4, 240, 240, 155])(torch.float32)
[2025-10-12 14:46:55,225] [80450] [MainThread] [INFO] (monailabel.tasks.infer.basic_infer:501) - DEBUG input type: <class 'monai.data.meta_tensor.MetaTensor'>
[2025-10-12 14:46:55,225] [80450] [MainThread] [INFO] (monailabel.tasks.infer.basic_infer:502) - DEBUG input shape: torch.Size([4, 240, 240, 155])
[2025-10-12 14:46:55,225] [80450] [MainThread] [INFO] (monailabel.tasks.infer.basic_infer:503) - DEBUG input dtype: torch.float32
[2025-10-12 14:46:55,265] [80450] [MainThread] [INFO] (monailabel.tasks.infer.basic_infer:504) - DEBUG input min/max: -4.754082679748535/9.803545951843262
[2025-10-12 14:46:55,267] [80450] [MainThread] [INFO] (monailabel.tasks.infer.basic_infer:506) - Inferer:: cpu => SlidingWindowInferer => {'roi_size': [240, 240, 128], 'sw_batch_size': 1, 'overlap': 0.5, 'mode': constant, 'sigma_scale': 0.125, 'padding_mode': constant, 'cval': 0.0, 'sw_device': None, 'device': None, 'progress': False, 'cpu_thresh': None, 'buffer_steps': None, 'buffer_dim': -1, 'with_coord': False, 'roi_weight_map': None}
[2025-10-12 14:46:55,267] [80450] [MainThread] [INFO] (monailabel.tasks.infer.basic_infer:432) - Infer model path: /Users/hardikgujral/PHD/MonAi Server/monaibundle/model/brats_mri_segmentation/models/model.pt
[2025-10-12 14:46:55,267] [80450] [MainThread] [INFO] (monailabel.tasks.infer.basic_infer:440) - Using <User> provided model_file: /Users/hardikgujral/PHD/MonAi Server/monaibundle/model/brats_mri_segmentation/models/model.pt
[2025-10-12 14:47:55,441] [80450] [MainThread] [INFO] (monailabel.interfaces.utils.transform:76) - POST - Run Transform(s)
[2025-10-12 14:47:55,442] [80450] [MainThread] [INFO] (monailabel.interfaces.utils.transform:77) - POST - Input Keys: ['device', 'model_filename', 'model', 'image', 'description', 'save_label', 'image_path', 'image_meta_dict', 'latencies', 'pred']
[2025-10-12 14:47:55,457] [80450] [MainThread] [INFO] (monailabel.interfaces.utils.transform:122) - POST - Transform (Activationsd): Time: 0.0141; image: torch.Size([4, 240, 240, 155])(torch.float32); pred: torch.Size([3, 240, 240, 155])(torch.float32)
[2025-10-12 14:47:55,462] [80450] [MainThread] [INFO] (monailabel.interfaces.utils.transform:122) - POST - Transform (Invertd): Time: 0.0047; image: torch.Size([4, 240, 240, 155])(torch.float32); pred: torch.Size([3, 240, 240, 155])(torch.float32)
[2025-10-12 14:47:55,475] [80450] [MainThread] [INFO] (monailabel.interfaces.utils.transform:122) - POST - Transform (AsDiscreted): Time: 0.0132; image: torch.Size([4, 240, 240, 155])(torch.float32); pred: torch.Size([3, 240, 240, 155])(torch.float32)
[2025-10-12 14:47:55,504] [80450] [MainThread] [INFO] (monailabel.interfaces.utils.transform:122) - POST - Transform (Lambdad): Time: 0.0287; image: torch.Size([4, 240, 240, 155])(torch.float32); pred: torch.Size([1, 240, 240, 155])(torch.int64)
[2025-10-12 14:47:55,505] [80450] [MainThread] [INFO] (monailabel.interfaces.utils.transform:122) - POST - Transform (Restored): Time: 0.0004; image: torch.Size([4, 240, 240, 155])(torch.float32); pred: torch.Size([240, 240, 155])(torch.int64)
[2025-10-12 14:47:55,506] [80450] [MainThread] [INFO] (monailabel.tasks.infer.basic_infer:607) - Writing Result...
[2025-10-12 14:47:55,506] [80450] [MainThread] [INFO] (monailabel.transform.writer:196) - Result ext: .nii.gz; write_to_file: True; dtype: None
[2025-10-12 14:54:35,783] [80450] [MainThread] [WARNING] (python_multipart.multipart:1401) - Skipping data after last boundary
[2025-10-12 14:54:35,790] [80450] [MainThread] [INFO] (monailabel.endpoints.infer:169) - Infer Request: {'model': 'brats_mri_segmentation', 'image': '/var/folders/6_/ry2qtq017bz7tbrhd87grxfh0000gn/T/tmpjfmcwafv.nii.gz'}
[2025-10-12 14:54:35,791] [80450] [MainThread] [INFO] (monailabel.tasks.infer.basic_infer:280) - Infer Request (final): {'device': 'cpu', 'model_filename': ['model.pt'], 'model': 'brats_mri_segmentation', 'image': '/var/folders/6_/ry2qtq017bz7tbrhd87grxfh0000gn/T/tmpjfmcwafv.nii.gz', 'description': '3D segmentation model for delineating brain tumor subregions from multimodal MRI scans (T1, T1c, T2, FLAIR). The model processes 4-channel input volumes with 1mm isotropic resolution and outputs 3-channel segmentation masks for tumor core (TC), whole tumor (WT), and enhancing tumor (ET).', 'save_label': False}
[2025-10-12 14:54:35,805] [80450] [MainThread] [INFO] (monailabel.interfaces.utils.transform:76) - PRE - Run Transform(s)
[2025-10-12 14:54:35,805] [80450] [MainThread] [INFO] (monailabel.interfaces.utils.transform:77) - PRE - Input Keys: ['device', 'model_filename', 'model', 'image', 'description', 'save_label', 'image_path']
[2025-10-12 14:55:06,334] [80450] [MainThread] [WARNING] (python_multipart.multipart:1401) - Skipping data after last boundary
[2025-10-12 14:55:06,341] [80450] [MainThread] [INFO] (monailabel.endpoints.infer:169) - Infer Request: {'model': 'brats_mri_segmentation', 'image': '/var/folders/6_/ry2qtq017bz7tbrhd87grxfh0000gn/T/tmpaedg73_o.nii.gz'}
[2025-10-12 14:55:06,341] [80450] [MainThread] [INFO] (monailabel.tasks.infer.basic_infer:280) - Infer Request (final): {'device': 'cpu', 'model_filename': ['model.pt'], 'model': 'brats_mri_segmentation', 'image': '/var/folders/6_/ry2qtq017bz7tbrhd87grxfh0000gn/T/tmpaedg73_o.nii.gz', 'description': '3D segmentation model for delineating brain tumor subregions from multimodal MRI scans (T1, T1c, T2, FLAIR). The model processes 4-channel input volumes with 1mm isotropic resolution and outputs 3-channel segmentation masks for tumor core (TC), whole tumor (WT), and enhancing tumor (ET).', 'save_label': False}
[2025-10-12 14:55:06,351] [80450] [MainThread] [INFO] (monailabel.interfaces.utils.transform:76) - PRE - Run Transform(s)
[2025-10-12 14:55:06,351] [80450] [MainThread] [INFO] (monailabel.interfaces.utils.transform:77) - PRE - Input Keys: ['device', 'model_filename', 'model', 'image', 'description', 'save_label', 'image_path']
[2025-10-12 14:55:06,682] [80450] [MainThread] [INFO] (monailabel.interfaces.utils.transform:122) - PRE - Transform (LoadImageTensord): Time: 0.3302; image: torch.Size([240, 240, 155, 4])(torch.float32)
[2025-10-12 14:55:06,682] [80450] [MainThread] [INFO] (monailabel.interfaces.utils.transform:122) - PRE - Transform (EnsureChannelFirstd): Time: 0.0001; image: torch.Size([4, 240, 240, 155])(torch.float32)
[2025-10-12 14:55:06,773] [80450] [MainThread] [INFO] (monailabel.interfaces.utils.transform:122) - PRE - Transform (NormalizeIntensityd): Time: 0.0904; image: torch.Size([4, 240, 240, 155])(torch.float32)
[2025-10-12 14:55:06,773] [80450] [MainThread] [INFO] (monailabel.tasks.infer.basic_infer:501) - DEBUG input type: <class 'monai.data.meta_tensor.MetaTensor'>
[2025-10-12 14:55:06,773] [80450] [MainThread] [INFO] (monailabel.tasks.infer.basic_infer:502) - DEBUG input shape: torch.Size([4, 240, 240, 155])
[2025-10-12 14:55:06,773] [80450] [MainThread] [INFO] (monailabel.tasks.infer.basic_infer:503) - DEBUG input dtype: torch.float32
[2025-10-12 14:55:06,811] [80450] [MainThread] [INFO] (monailabel.tasks.infer.basic_infer:504) - DEBUG input min/max: -4.754082679748535/9.803545951843262
[2025-10-12 14:55:06,813] [80450] [MainThread] [INFO] (monailabel.tasks.infer.basic_infer:506) - Inferer:: cpu => SlidingWindowInferer => {'roi_size': [240, 240, 128], 'sw_batch_size': 1, 'overlap': 0.5, 'mode': constant, 'sigma_scale': 0.125, 'padding_mode': constant, 'cval': 0.0, 'sw_device': None, 'device': None, 'progress': False, 'cpu_thresh': None, 'buffer_steps': None, 'buffer_dim': -1, 'with_coord': False, 'roi_weight_map': None}
[2025-10-12 14:55:06,814] [80450] [MainThread] [INFO] (monailabel.tasks.infer.basic_infer:432) - Infer model path: /Users/hardikgujral/PHD/MonAi Server/monaibundle/model/brats_mri_segmentation/models/model.pt
[2025-10-12 14:55:06,814] [80450] [MainThread] [INFO] (monailabel.tasks.infer.basic_infer:440) - Using <User> provided model_file: /Users/hardikgujral/PHD/MonAi Server/monaibundle/model/brats_mri_segmentation/models/model.pt
[2025-10-12 14:56:06,862] [80450] [MainThread] [INFO] (monailabel.interfaces.utils.transform:76) - POST - Run Transform(s)
[2025-10-12 14:56:06,863] [80450] [MainThread] [INFO] (monailabel.interfaces.utils.transform:77) - POST - Input Keys: ['device', 'model_filename', 'model', 'image', 'description', 'save_label', 'image_path', 'image_meta_dict', 'latencies', 'pred']
[2025-10-12 14:56:06,881] [80450] [MainThread] [INFO] (monailabel.interfaces.utils.transform:122) - POST - Transform (Activationsd): Time: 0.0112; image: torch.Size([4, 240, 240, 155])(torch.float32); pred: torch.Size([3, 240, 240, 155])(torch.float32)
[2025-10-12 14:56:06,886] [80450] [MainThread] [INFO] (monailabel.interfaces.utils.transform:122) - POST - Transform (Invertd): Time: 0.0043; image: torch.Size([4, 240, 240, 155])(torch.float32); pred: torch.Size([3, 240, 240, 155])(torch.float32)
[2025-10-12 14:56:06,900] [80450] [MainThread] [INFO] (monailabel.interfaces.utils.transform:122) - POST - Transform (AsDiscreted): Time: 0.0141; image: torch.Size([4, 240, 240, 155])(torch.float32); pred: torch.Size([3, 240, 240, 155])(torch.float32)
[2025-10-12 14:56:06,936] [80450] [MainThread] [INFO] (monailabel.interfaces.utils.transform:122) - POST - Transform (Lambdad): Time: 0.0352; image: torch.Size([4, 240, 240, 155])(torch.float32); pred: torch.Size([1, 240, 240, 155])(torch.int64)
[2025-10-12 14:56:06,937] [80450] [MainThread] [INFO] (monailabel.interfaces.utils.transform:122) - POST - Transform (Restored): Time: 0.0011; image: torch.Size([4, 240, 240, 155])(torch.float32); pred: torch.Size([240, 240, 155])(torch.int64)
[2025-10-12 14:56:06,938] [80450] [MainThread] [INFO] (monailabel.tasks.infer.basic_infer:607) - Writing Result...
[2025-10-12 14:56:06,938] [80450] [MainThread] [INFO] (monailabel.transform.writer:196) - Result ext: .nii.gz; write_to_file: True; dtype: None
[2025-10-12 15:06:46,724] [82676] [MainThread] [INFO] (monailabel.interfaces.utils.app:37) - Initializing App from: /Users/hardikgujral/PHD/MonAi Server/monaibundle; studies: /Users/hardikgujral/PHD/MonAi Server/monaibundle/Brats_Data; conf: {'models': 'brats_mri_segmentation'}
[2025-10-12 15:06:46,749] [82676] [MainThread] [INFO] (monailabel.utils.others.class_utils:57) - Subclass for MONAILabelApp Found: <class 'main.MyApp'>
[2025-10-12 15:06:48,876] [82676] [MainThread] [INFO] (monailabel.utils.others.generic:302) - +++ Adding Bundle from Local: brats_mri_segmentation => /Users/hardikgujral/PHD/MonAi Server/monaibundle/model/brats_mri_segmentation
[2025-10-12 15:06:48,877] [82676] [MainThread] [INFO] (monailabel.utils.others.generic:364) - +++ Using Bundle Models: ['brats_mri_segmentation']
[2025-10-12 15:06:48,877] [82676] [MainThread] [INFO] (monailabel.interfaces.app:135) - Init Datastore for: /Users/hardikgujral/PHD/MonAi Server/monaibundle/Brats_Data
[2025-10-12 15:06:48,878] [82676] [MainThread] [INFO] (monailabel.datastore.local:130) - Auto Reload: True; Extensions: ['*.nii.gz', '*.nii', '*.nrrd', '*.jpg', '*.png', '*.tif', '*.svs', '*.xml']
[2025-10-12 15:06:48,883] [82676] [MainThread] [INFO] (monailabel.datastore.local:577) - Invalidate count: 0
[2025-10-12 15:06:48,883] [82676] [MainThread] [INFO] (monailabel.datastore.local:151) - Start observing external modifications on datastore (AUTO RELOAD)
[2025-10-12 15:06:48,940] [82676] [MainThread] [INFO] (monailabel.tasks.infer.bundle:142) - Model: brats_mri_segmentation; Type: segmentation; Label: Tumor core => 0
[2025-10-12 15:06:48,940] [82676] [MainThread] [INFO] (monailabel.tasks.infer.bundle:142) - Model: brats_mri_segmentation; Type: segmentation; Label: Whole tumor => 1
[2025-10-12 15:06:48,940] [82676] [MainThread] [INFO] (monailabel.tasks.infer.bundle:142) - Model: brats_mri_segmentation; Type: segmentation; Label: Enhancing tumor => 2
[2025-10-12 15:06:48,943] [82676] [MainThread] [INFO] (main:77) - +++ Adding Inferer:: brats_mri_segmentation => <monailabel.tasks.infer.bundle.BundleInferTask object at 0x17ace9240>
[2025-10-12 15:06:49,008] [82676] [MainThread] [INFO] (monailabel.sam2.infer:65) - Image Cache Initialized: /Users/hardikgujral/.cache/monailabel/sam2
[2025-10-12 15:06:49,008] [82676] [MainThread] [INFO] (timeloop:60) - Starting Timeloop..
[2025-10-12 15:06:49,008] [82676] [MainThread] [INFO] (timeloop:42) - Registered job <function ImageCache.monitor.<locals>.run_scheduler at 0x17e1b0ee0>
[2025-10-12 15:06:49,008] [82676] [MainThread] [INFO] (timeloop:63) - Timeloop now started. Jobs will run based on the interval set
[2025-10-12 15:06:49,009] [82676] [MainThread] [INFO] (main:100) - +++ Adding Trainer:: brats_mri_segmentation => <monailabel.tasks.train.bundle.BundleTrainTask object at 0x17ba5d600>
[2025-10-12 15:06:49,009] [82676] [MainThread] [INFO] (main:110) - Active Learning Strategies:: ['random', 'first']
[2025-10-12 15:06:49,010] [82676] [MainThread] [INFO] (monailabel.utils.sessions:51) - Session Path: /Users/hardikgujral/.cache/monailabel/sessions
[2025-10-12 15:06:49,010] [82676] [MainThread] [INFO] (monailabel.utils.sessions:52) - Session Expiry (max): 3600
[2025-10-12 15:06:49,010] [82676] [MainThread] [INFO] (monailabel.interfaces.app:469) - App Init - completed
[2025-10-12 15:06:49,010] [82676] [MainThread] [INFO] (timeloop:60) - Starting Timeloop..
[2025-10-12 15:06:49,010] [82676] [MainThread] [INFO] (timeloop:42) - Registered job <function MONAILabelApp.on_init_complete.<locals>.run_scheduler at 0x17e14ee60>
[2025-10-12 15:06:49,010] [82676] [MainThread] [INFO] (timeloop:63) - Timeloop now started. Jobs will run based on the interval set
[2025-10-12 15:06:54,909] [82676] [MainThread] [WARNING] (python_multipart.multipart:1401) - Skipping data after last boundary
[2025-10-12 15:06:54,919] [82676] [MainThread] [INFO] (monailabel.endpoints.infer:169) - Infer Request: {'model': 'brats_mri_segmentation', 'image': '/var/folders/6_/ry2qtq017bz7tbrhd87grxfh0000gn/T/tmp1_ns9c0z.nii.gz'}
[2025-10-12 15:06:54,920] [82676] [MainThread] [INFO] (monailabel.tasks.infer.basic_infer:280) - Infer Request (final): {'device': 'cpu', 'model_filename': ['model.pt'], 'model': 'brats_mri_segmentation', 'image': '/var/folders/6_/ry2qtq017bz7tbrhd87grxfh0000gn/T/tmp1_ns9c0z.nii.gz', 'description': '3D segmentation model for delineating brain tumor subregions from multimodal MRI scans (T1, T1c, T2, FLAIR). The model processes 4-channel input volumes with 1mm isotropic resolution and outputs 3-channel segmentation masks for tumor core (TC), whole tumor (WT), and enhancing tumor (ET).', 'save_label': False}
[2025-10-12 15:06:54,930] [82676] [MainThread] [INFO] (monailabel.interfaces.utils.transform:76) - PRE - Run Transform(s)
[2025-10-12 15:06:54,930] [82676] [MainThread] [INFO] (monailabel.interfaces.utils.transform:77) - PRE - Input Keys: ['device', 'model_filename', 'model', 'image', 'description', 'save_label', 'image_path']
[2025-10-12 15:06:55,307] [82676] [MainThread] [INFO] (monailabel.interfaces.utils.transform:122) - PRE - Transform (LoadImageTensord): Time: 0.3769; image: torch.Size([240, 240, 155, 4])(torch.float32)
[2025-10-12 15:06:55,308] [82676] [MainThread] [INFO] (monailabel.interfaces.utils.transform:122) - PRE - Transform (EnsureChannelFirstd): Time: 0.0009; image: torch.Size([4, 240, 240, 155])(torch.float32)
[2025-10-12 15:06:55,408] [82676] [MainThread] [INFO] (monailabel.interfaces.utils.transform:122) - PRE - Transform (NormalizeIntensityd): Time: 0.0998; image: torch.Size([4, 240, 240, 155])(torch.float32)
[2025-10-12 15:06:55,408] [82676] [MainThread] [INFO] (monailabel.tasks.infer.basic_infer:501) - DEBUG input type: <class 'monai.data.meta_tensor.MetaTensor'>
[2025-10-12 15:06:55,408] [82676] [MainThread] [INFO] (monailabel.tasks.infer.basic_infer:502) - DEBUG input shape: torch.Size([4, 240, 240, 155])
[2025-10-12 15:06:55,408] [82676] [MainThread] [INFO] (monailabel.tasks.infer.basic_infer:503) - DEBUG input dtype: torch.float32
[2025-10-12 15:06:55,448] [82676] [MainThread] [INFO] (monailabel.tasks.infer.basic_infer:504) - DEBUG input min/max: -4.754082679748535/9.803545951843262
[2025-10-12 15:06:55,450] [82676] [MainThread] [INFO] (monailabel.tasks.infer.basic_infer:506) - Inferer:: cpu => SlidingWindowInferer => {'roi_size': [240, 240, 128], 'sw_batch_size': 1, 'overlap': 0.5, 'mode': constant, 'sigma_scale': 0.125, 'padding_mode': constant, 'cval': 0.0, 'sw_device': None, 'device': None, 'progress': False, 'cpu_thresh': None, 'buffer_steps': None, 'buffer_dim': -1, 'with_coord': False, 'roi_weight_map': None}
[2025-10-12 15:06:55,450] [82676] [MainThread] [INFO] (monailabel.tasks.infer.basic_infer:432) - Infer model path: /Users/hardikgujral/PHD/MonAi Server/monaibundle/model/brats_mri_segmentation/models/model.pt
[2025-10-12 15:06:55,450] [82676] [MainThread] [INFO] (monailabel.tasks.infer.basic_infer:440) - Using <User> provided model_file: /Users/hardikgujral/PHD/MonAi Server/monaibundle/model/brats_mri_segmentation/models/model.pt
[2025-10-12 15:07:55,084] [82676] [MainThread] [INFO] (monailabel.interfaces.utils.transform:76) - POST - Run Transform(s)
[2025-10-12 15:07:55,086] [82676] [MainThread] [INFO] (monailabel.interfaces.utils.transform:77) - POST - Input Keys: ['device', 'model_filename', 'model', 'image', 'description', 'save_label', 'image_path', 'image_meta_dict', 'latencies', 'pred']
[2025-10-12 15:07:55,100] [82676] [MainThread] [INFO] (monailabel.interfaces.utils.transform:122) - POST - Transform (Activationsd): Time: 0.0132; image: torch.Size([4, 240, 240, 155])(torch.float32); pred: torch.Size([3, 240, 240, 155])(torch.float32)
[2025-10-12 15:07:55,112] [82676] [MainThread] [INFO] (monailabel.interfaces.utils.transform:122) - POST - Transform (Invertd): Time: 0.0112; image: torch.Size([4, 240, 240, 155])(torch.float32); pred: torch.Size([3, 240, 240, 155])(torch.float32)
[2025-10-12 15:07:55,126] [82676] [MainThread] [INFO] (monailabel.interfaces.utils.transform:122) - POST - Transform (AsDiscreted): Time: 0.0138; image: torch.Size([4, 240, 240, 155])(torch.float32); pred: torch.Size([3, 240, 240, 155])(torch.float32)
[2025-10-12 15:07:55,154] [82676] [MainThread] [INFO] (monailabel.interfaces.utils.transform:122) - POST - Transform (Lambdad): Time: 0.0276; image: torch.Size([4, 240, 240, 155])(torch.float32); pred: torch.Size([1, 240, 240, 155])(torch.int64)
[2025-10-12 15:07:55,155] [82676] [MainThread] [INFO] (monailabel.interfaces.utils.transform:122) - POST - Transform (Restored): Time: 0.0008; image: torch.Size([4, 240, 240, 155])(torch.float32); pred: torch.Size([240, 240, 155])(torch.int64)
[2025-10-12 15:07:55,156] [82676] [MainThread] [INFO] (monailabel.tasks.infer.basic_infer:607) - Writing Result...
[2025-10-12 15:07:55,157] [82676] [MainThread] [INFO] (monailabel.transform.writer:254) - Result ext: .nii.gz; write_to_file: True; dtype: None
[2025-10-12 15:07:58,063] [82676] [MainThread] [INFO] (monailabel.transform.writer:131) - Saved ITK image to /var/folders/6_/ry2qtq017bz7tbrhd87grxfh0000gn/T/tmpa02u0332.nii.gz
[2025-10-12 15:07:58,063] [82676] [MainThread] [INFO] (monailabel.tasks.infer.basic_infer:335) - ++ Latencies => Total: 63.1441; Pre: 0.4885; Inferer: 59.4387; Invert: 0.0002; Post: 0.3088; Write: 2.9076
[2025-10-12 15:07:58,064] [82676] [MainThread] [INFO] (monailabel.tasks.infer.basic_infer:370) - Result File: /var/folders/6_/ry2qtq017bz7tbrhd87grxfh0000gn/T/tmpa02u0332.nii.gz
[2025-10-12 15:07:58,064] [82676] [MainThread] [INFO] (monailabel.tasks.infer.basic_infer:371) - Result Json Keys: ['label_names', 'latencies', 'centroids']
[2025-10-12 15:12:22,967] [82676] [MainThread] [WARNING] (python_multipart.multipart:1401) - Skipping data after last boundary
[2025-10-12 15:12:22,973] [82676] [MainThread] [INFO] (monailabel.endpoints.infer:169) - Infer Request: {'model': 'brats_mri_segmentation', 'image': '/var/folders/6_/ry2qtq017bz7tbrhd87grxfh0000gn/T/tmptphy50xt.nii.gz'}
[2025-10-12 15:12:22,974] [82676] [MainThread] [INFO] (monailabel.tasks.infer.basic_infer:280) - Infer Request (final): {'device': 'cpu', 'model_filename': ['model.pt'], 'model': 'brats_mri_segmentation', 'image': '/var/folders/6_/ry2qtq017bz7tbrhd87grxfh0000gn/T/tmptphy50xt.nii.gz', 'description': '3D segmentation model for delineating brain tumor subregions from multimodal MRI scans (T1, T1c, T2, FLAIR). The model processes 4-channel input volumes with 1mm isotropic resolution and outputs 3-channel segmentation masks for tumor core (TC), whole tumor (WT), and enhancing tumor (ET).', 'save_label': False}
[2025-10-12 15:12:22,981] [82676] [MainThread] [INFO] (monailabel.interfaces.utils.transform:76) - PRE - Run Transform(s)
[2025-10-12 15:12:22,981] [82676] [MainThread] [INFO] (monailabel.interfaces.utils.transform:77) - PRE - Input Keys: ['device', 'model_filename', 'model', 'image', 'description', 'save_label', 'image_path']
[2025-10-12 15:12:23,324] [82676] [MainThread] [INFO] (monailabel.interfaces.utils.transform:122) - PRE - Transform (LoadImageTensord): Time: 0.3428; image: torch.Size([240, 240, 155, 4])(torch.float32)
[2025-10-12 15:12:23,325] [82676] [MainThread] [INFO] (monailabel.interfaces.utils.transform:122) - PRE - Transform (EnsureChannelFirstd): Time: 0.0001; image: torch.Size([4, 240, 240, 155])(torch.float32)
[2025-10-12 15:12:23,415] [82676] [MainThread] [INFO] (monailabel.interfaces.utils.transform:122) - PRE - Transform (NormalizeIntensityd): Time: 0.0902; image: torch.Size([4, 240, 240, 155])(torch.float32)
[2025-10-12 15:12:23,415] [82676] [MainThread] [INFO] (monailabel.tasks.infer.basic_infer:501) - DEBUG input type: <class 'monai.data.meta_tensor.MetaTensor'>
[2025-10-12 15:12:23,415] [82676] [MainThread] [INFO] (monailabel.tasks.infer.basic_infer:502) - DEBUG input shape: torch.Size([4, 240, 240, 155])
[2025-10-12 15:12:23,415] [82676] [MainThread] [INFO] (monailabel.tasks.infer.basic_infer:503) - DEBUG input dtype: torch.float32
[2025-10-12 15:12:23,454] [82676] [MainThread] [INFO] (monailabel.tasks.infer.basic_infer:504) - DEBUG input min/max: -4.754082679748535/9.803545951843262
[2025-10-12 15:12:23,455] [82676] [MainThread] [INFO] (monailabel.tasks.infer.basic_infer:506) - Inferer:: cpu => SlidingWindowInferer => {'roi_size': [240, 240, 128], 'sw_batch_size': 1, 'overlap': 0.5, 'mode': constant, 'sigma_scale': 0.125, 'padding_mode': constant, 'cval': 0.0, 'sw_device': None, 'device': None, 'progress': False, 'cpu_thresh': None, 'buffer_steps': None, 'buffer_dim': -1, 'with_coord': False, 'roi_weight_map': None}
[2025-10-12 15:12:23,456] [82676] [MainThread] [INFO] (monailabel.tasks.infer.basic_infer:432) - Infer model path: /Users/hardikgujral/PHD/MonAi Server/monaibundle/model/brats_mri_segmentation/models/model.pt
[2025-10-12 15:12:23,456] [82676] [MainThread] [INFO] (monailabel.tasks.infer.basic_infer:440) - Using <User> provided model_file: /Users/hardikgujral/PHD/MonAi Server/monaibundle/model/brats_mri_segmentation/models/model.pt
[2025-10-12 15:13:23,445] [82676] [MainThread] [INFO] (monailabel.interfaces.utils.transform:76) - POST - Run Transform(s)
[2025-10-12 15:13:23,446] [82676] [MainThread] [INFO] (monailabel.interfaces.utils.transform:77) - POST - Input Keys: ['device', 'model_filename', 'model', 'image', 'description', 'save_label', 'image_path', 'image_meta_dict', 'latencies', 'pred']
[2025-10-12 15:13:23,461] [82676] [MainThread] [INFO] (monailabel.interfaces.utils.transform:122) - POST - Transform (Activationsd): Time: 0.0143; image: torch.Size([4, 240, 240, 155])(torch.float32); pred: torch.Size([3, 240, 240, 155])(torch.float32)
[2025-10-12 15:13:23,467] [82676] [MainThread] [INFO] (monailabel.interfaces.utils.transform:122) - POST - Transform (Invertd): Time: 0.0065; image: torch.Size([4, 240, 240, 155])(torch.float32); pred: torch.Size([3, 240, 240, 155])(torch.float32)
[2025-10-12 15:13:23,480] [82676] [MainThread] [INFO] (monailabel.interfaces.utils.transform:122) - POST - Transform (AsDiscreted): Time: 0.0124; image: torch.Size([4, 240, 240, 155])(torch.float32); pred: torch.Size([3, 240, 240, 155])(torch.float32)
[2025-10-12 15:13:23,508] [82676] [MainThread] [INFO] (monailabel.interfaces.utils.transform:122) - POST - Transform (Lambdad): Time: 0.0278; image: torch.Size([4, 240, 240, 155])(torch.float32); pred: torch.Size([1, 240, 240, 155])(torch.int64)
[2025-10-12 15:13:23,510] [82676] [MainThread] [INFO] (monailabel.interfaces.utils.transform:122) - POST - Transform (Restored): Time: 0.0013; image: torch.Size([4, 240, 240, 155])(torch.float32); pred: torch.Size([240, 240, 155])(torch.int64)
[2025-10-12 15:13:23,511] [82676] [MainThread] [INFO] (monailabel.tasks.infer.basic_infer:607) - Writing Result...
[2025-10-12 15:13:23,514] [82676] [MainThread] [INFO] (monailabel.transform.writer:254) - Result ext: .nii.gz; write_to_file: True; dtype: None
[2025-10-12 15:13:23,584] [82676] [MainThread] [INFO] (monailabel.transform.writer:131) - Saved ITK image to /var/folders/6_/ry2qtq017bz7tbrhd87grxfh0000gn/T/tmp06o4c798.nii.gz
[2025-10-12 15:13:23,584] [82676] [MainThread] [INFO] (monailabel.tasks.infer.basic_infer:335) - ++ Latencies => Total: 60.6104; Pre: 0.4412; Inferer: 60.0171; Invert: 0.0000; Post: 0.0782; Write: 0.0733
[2025-10-12 15:13:23,584] [82676] [MainThread] [INFO] (monailabel.tasks.infer.basic_infer:370) - Result File: /var/folders/6_/ry2qtq017bz7tbrhd87grxfh0000gn/T/tmp06o4c798.nii.gz
[2025-10-12 15:13:23,584] [82676] [MainThread] [INFO] (monailabel.tasks.infer.basic_infer:371) - Result Json Keys: ['label_names', 'latencies', 'centroids']
[2025-10-12 15:19:02,000] [82676] [MainThread] [WARNING] (python_multipart.multipart:1401) - Skipping data after last boundary
[2025-10-12 15:19:02,021] [82676] [MainThread] [INFO] (monailabel.endpoints.infer:169) - Infer Request: {'model': 'brats_mri_segmentation', 'image': '/var/folders/6_/ry2qtq017bz7tbrhd87grxfh0000gn/T/tmp31m_slmt.nii.gz'}
[2025-10-12 15:19:02,022] [82676] [MainThread] [INFO] (monailabel.tasks.infer.basic_infer:280) - Infer Request (final): {'device': 'cpu', 'model_filename': ['model.pt'], 'model': 'brats_mri_segmentation', 'image': '/var/folders/6_/ry2qtq017bz7tbrhd87grxfh0000gn/T/tmp31m_slmt.nii.gz', 'description': '3D segmentation model for delineating brain tumor subregions from multimodal MRI scans (T1, T1c, T2, FLAIR). The model processes 4-channel input volumes with 1mm isotropic resolution and outputs 3-channel segmentation masks for tumor core (TC), whole tumor (WT), and enhancing tumor (ET).', 'save_label': False}
[2025-10-12 15:19:02,029] [82676] [MainThread] [INFO] (monailabel.interfaces.utils.transform:76) - PRE - Run Transform(s)
[2025-10-12 15:19:02,029] [82676] [MainThread] [INFO] (monailabel.interfaces.utils.transform:77) - PRE - Input Keys: ['device', 'model_filename', 'model', 'image', 'description', 'save_label', 'image_path']
[2025-10-12 15:19:02,353] [82676] [MainThread] [INFO] (monailabel.interfaces.utils.transform:122) - PRE - Transform (LoadImageTensord): Time: 0.3236; image: torch.Size([240, 240, 155, 4])(torch.float32)
[2025-10-12 15:19:02,354] [82676] [MainThread] [INFO] (monailabel.interfaces.utils.transform:122) - PRE - Transform (EnsureChannelFirstd): Time: 0.0011; image: torch.Size([4, 240, 240, 155])(torch.float32)
[2025-10-12 15:19:02,444] [82676] [MainThread] [INFO] (monailabel.interfaces.utils.transform:122) - PRE - Transform (NormalizeIntensityd): Time: 0.0899; image: torch.Size([4, 240, 240, 155])(torch.float32)
[2025-10-12 15:19:02,444] [82676] [MainThread] [INFO] (monailabel.tasks.infer.basic_infer:501) - DEBUG input type: <class 'monai.data.meta_tensor.MetaTensor'>
[2025-10-12 15:19:02,444] [82676] [MainThread] [INFO] (monailabel.tasks.infer.basic_infer:502) - DEBUG input shape: torch.Size([4, 240, 240, 155])
[2025-10-12 15:19:02,445] [82676] [MainThread] [INFO] (monailabel.tasks.infer.basic_infer:503) - DEBUG input dtype: torch.float32
[2025-10-12 15:19:02,482] [82676] [MainThread] [INFO] (monailabel.tasks.infer.basic_infer:504) - DEBUG input min/max: -4.754082679748535/9.803545951843262
[2025-10-12 15:19:02,484] [82676] [MainThread] [INFO] (monailabel.tasks.infer.basic_infer:506) - Inferer:: cpu => SlidingWindowInferer => {'roi_size': [240, 240, 128], 'sw_batch_size': 1, 'overlap': 0.5, 'mode': constant, 'sigma_scale': 0.125, 'padding_mode': constant, 'cval': 0.0, 'sw_device': None, 'device': None, 'progress': False, 'cpu_thresh': None, 'buffer_steps': None, 'buffer_dim': -1, 'with_coord': False, 'roi_weight_map': None}
[2025-10-12 15:19:02,484] [82676] [MainThread] [INFO] (monailabel.tasks.infer.basic_infer:432) - Infer model path: /Users/hardikgujral/PHD/MonAi Server/monaibundle/model/brats_mri_segmentation/models/model.pt
[2025-10-12 15:19:02,484] [82676] [MainThread] [INFO] (monailabel.tasks.infer.basic_infer:440) - Using <User> provided model_file: /Users/hardikgujral/PHD/MonAi Server/monaibundle/model/brats_mri_segmentation/models/model.pt
[2025-10-12 15:20:03,413] [82676] [MainThread] [INFO] (monailabel.interfaces.utils.transform:76) - POST - Run Transform(s)
[2025-10-12 15:20:03,415] [82676] [MainThread] [INFO] (monailabel.interfaces.utils.transform:77) - POST - Input Keys: ['device', 'model_filename', 'model', 'image', 'description', 'save_label', 'image_path', 'image_meta_dict', 'latencies', 'pred']
[2025-10-12 15:20:03,432] [82676] [MainThread] [INFO] (monailabel.interfaces.utils.transform:122) - POST - Transform (Activationsd): Time: 0.0101; image: torch.Size([4, 240, 240, 155])(torch.float32); pred: torch.Size([3, 240, 240, 155])(torch.float32)
[2025-10-12 15:20:03,437] [82676] [MainThread] [INFO] (monailabel.interfaces.utils.transform:122) - POST - Transform (Invertd): Time: 0.005; image: torch.Size([4, 240, 240, 155])(torch.float32); pred: torch.Size([3, 240, 240, 155])(torch.float32)
[2025-10-12 15:20:03,451] [82676] [MainThread] [INFO] (monailabel.interfaces.utils.transform:122) - POST - Transform (AsDiscreted): Time: 0.0139; image: torch.Size([4, 240, 240, 155])(torch.float32); pred: torch.Size([3, 240, 240, 155])(torch.float32)
[2025-10-12 15:20:03,482] [82676] [MainThread] [INFO] (monailabel.interfaces.utils.transform:122) - POST - Transform (Lambdad): Time: 0.0303; image: torch.Size([4, 240, 240, 155])(torch.float32); pred: torch.Size([1, 240, 240, 155])(torch.int64)
[2025-10-12 15:20:03,483] [82676] [MainThread] [INFO] (monailabel.interfaces.utils.transform:122) - POST - Transform (Restored): Time: 0.0012; image: torch.Size([4, 240, 240, 155])(torch.float32); pred: torch.Size([240, 240, 155])(torch.int64)
[2025-10-12 15:20:03,484] [82676] [MainThread] [INFO] (monailabel.tasks.infer.basic_infer:607) - Writing Result...
[2025-10-12 15:20:03,485] [82676] [MainThread] [INFO] (monailabel.transform.writer:254) - Result ext: .nii.gz; write_to_file: True; dtype: None
[2025-10-12 15:20:03,525] [82676] [MainThread] [INFO] (monailabel.transform.writer:131) - Saved ITK image to /var/folders/6_/ry2qtq017bz7tbrhd87grxfh0000gn/T/tmp9jqd369z.nii.gz
[2025-10-12 15:20:03,525] [82676] [MainThread] [INFO] (monailabel.tasks.infer.basic_infer:335) - ++ Latencies => Total: 61.5037; Pre: 0.4223; Inferer: 60.9568; Invert: 0.0000; Post: 0.0829; Write: 0.0406
[2025-10-12 15:20:03,525] [82676] [MainThread] [INFO] (monailabel.tasks.infer.basic_infer:370) - Result File: /var/folders/6_/ry2qtq017bz7tbrhd87grxfh0000gn/T/tmp9jqd369z.nii.gz
[2025-10-12 15:20:03,525] [82676] [MainThread] [INFO] (monailabel.tasks.infer.basic_infer:371) - Result Json Keys: ['label_names', 'latencies', 'centroids']
